"customer_id","gender","age","married","state","number_of_referrals","tenure_in_months","value_deal","phone_service","multiple_lines","internet_service","internet_type","online_security","online_backup","device_protection_plan","premium_support","streaming_tv","streaming_movies","streaming_music","unlimited_data","contract","paperless_billing","payment_method","monthly_charge","total_charges","total_refunds","total_extra_data_charges","total_long_distance_charges","total_revenue","customer_status","churn_category","churn_reason"
"93520-GUJ","Female",67,"No","Gujarat",13,19,"Deal 5","Yes","Yes","Yes","Fiber Optic","No","No","No","No","No","No","No","Yes","One Year","Yes","Bank Withdrawal",72.10,72.10,0.00,0.00,7.77,79.87,"Joined","Others","Others"
"57256-BIH","Female",18,"No","Bihar",9,7,"None","Yes","No","No","None","No","No","No","No","No","No","No","No","Month-to-Month","No","Credit Card",19.85,57.20,0.00,0.00,9.36,66.56,"Joined","Others","Others"
"84687-PUN","Female",31,"No","Punjab",0,18,"Deal 5","No","No","Yes","Cable","No","No","No","No","No","No","No","No","Month-to-Month","No","Credit Card",24.70,24.70,0.00,70.00,0.00,94.70,"Joined","Others","Others"
"72357-MAD","Female",53,"No","Madhya Pradesh",14,12,"Deal 5","Yes","No","Yes","DSL","No","No","No","No","No","No","No","Yes","Month-to-Month","Yes","Credit Card",44.30,44.30,0.00,0.00,42.95,87.25,"Joined","Others","Others"
"66612-KAR","Female",58,"Yes","Karnataka",11,18,"None","Yes","No","No","None","No","No","No","No","No","No","No","No","Month-to-Month","No","Credit Card",19.95,58.00,0.00,0.00,8.07,66.07,"Joined","Others","Others"
"22119-WES","Male",31,"Yes","West Bengal",5,5,"None","Yes","No","No","None","No","No","No","No","No","No","No","No","Month-to-Month","No","Credit Card",20.05,33.70,0.00,0.00,3.62,37.32,"Joined","Others","Others"
"79168-UTT","Female",78,"No","Uttar Pradesh",2,10,"Deal 5","Yes","No","Yes","Cable","No","No","No","No","No","No","No","Yes","One Year","Yes","Bank Withdrawal",44.30,89.30,0.00,0.00,47.82,137.12,"Joined","Others","Others"
"66712-GUJ","Female",47,"Yes","Gujarat",6,33,"Deal 5","Yes","No","Yes","Fiber Optic","No","Yes","No","No","No","Yes","Yes","Yes","Month-to-Month","No","Bank Withdrawal",84.30,235.05,0.00,0.00,41.16,276.21,"Joined","Others","Others"
"53815-BIH","Female",36,"No","Bihar",2,4,"Deal 3","Yes","No","No","None","No","No","No","No","No","No","No","No","Month-to-Month","No","Credit Card",19.70,19.70,0.00,0.00,34.28,53.98,"Joined","Others","Others"
"34110-MAH","Female",20,"Yes","Maharashtra",6,3,"None","Yes","Yes","Yes","Cable","No","No","No","No","No","No","No","Yes","Month-to-Month","Yes","Bank Withdrawal",50.10,50.10,0.00,0.00,29.13,79.23,"Joined","Others","Others"
"12056-WES","Male",27,"No","West Bengal",2,20,"None","Yes","No","Yes","Fiber Optic","No","Yes","Yes","No","No","Yes","Yes","Yes","Month-to-Month","No","Bank Withdrawal",90.40,268.45,0.00,0.00,94.44,362.89,"Joined","Others","Others"
"82129-JHA","Female",26,"No","Jharkhand",9,8,"Deal 5","Yes","No","Yes","DSL","No","Yes","No","No","Yes","No","No","Yes","Month-to-Month","Yes","Credit Card",58.70,168.60,0.00,0.00,34.41,203.01,"Joined","Others","Others"
"27880-AND","Male",48,"No","Andhra Pradesh",14,21,"None","Yes","Yes","No","None","No","No","No","No","No","No","No","No","Two Year","Yes","Credit Card",26.40,121.25,0.00,0.00,101.61,222.86,"Joined","Others","Others"
"39764-UTT","Female",39,"Yes","Uttar Pradesh",5,14,"None","Yes","No","No","None","No","No","No","No","No","No","No","No","Month-to-Month","No","Credit Card",19.35,46.35,0.00,0.00,88.68,135.03,"Joined","Others","Others"
"29626-WES","Male",67,"No","West Bengal",10,22,"Deal 5","Yes","No","Yes","DSL","Yes","No","No","No","No","No","No","No","Month-to-Month","No","Bank Withdrawal",50.15,50.15,0.00,50.00,38.33,138.48,"Joined","Others","Others"
"47133-ODI","Female",60,"Yes","Odisha",15,8,"None","Yes","No","Yes","Cable","No","No","No","No","No","No","No","Yes","Month-to-Month","No","Bank Withdrawal",44.60,122.70,0.00,0.00,46.77,169.47,"Joined","Others","Others"
"62842-HAR","Male",33,"Yes","Haryana",11,25,"None","Yes","No","No","None","No","No","No","No","No","No","No","No","Month-to-Month","No","Credit Card",19.30,44.40,0.00,0.00,99.82,144.22,"Joined","Others","Others"
"21288-MAH","Female",63,"No","Maharashtra",12,34,"None","Yes","Yes","Yes","DSL","No","No","No","No","Yes","No","No","No","Month-to-Month","Yes","Bank Withdrawal",60.25,170.50,0.00,70.00,60.30,300.80,"Joined","Others","Others"
"83994-DEL","Male",48,"Yes","Delhi",8,24,"None","Yes","No","Yes","Fiber Optic","No","No","No","No","Yes","Yes","Yes","Yes","Month-to-Month","No","Credit Card",90.70,237.65,0.00,0.00,16.17,253.82,"Joined","Others","Others"
"24754-AND","Female",63,"Yes","Andhra Pradesh",0,28,"None","Yes","No","Yes","Fiber Optic","No","No","No","No","No","No","No","Yes","Month-to-Month","Yes","Bank Withdrawal",69.55,200.20,33.80,0.00,5.01,171.41,"Joined","Others","Others"
"62497-BIH","Female",20,"No","Bihar",0,2,"Deal 5","Yes","No","No","None","No","No","No","No","No","No","No","No","Month-to-Month","Yes","Credit Card",20.75,67.10,0.00,0.00,49.17,116.27,"Joined","Others","Others"
"24990-WES","Female",36,"No","West Bengal",8,24,"None","Yes","No","Yes","Fiber Optic","No","No","No","No","No","No","No","Yes","Month-to-Month","Yes","Bank Withdrawal",71.65,135.75,0.00,0.00,58.06,193.81,"Joined","Others","Others"
"26500-GUJ","Female",62,"Yes","Gujarat",3,19,"Deal 5","Yes","No","Yes","Cable","Yes","No","No","No","No","Yes","Yes","Yes","Month-to-Month","Yes","Mailed Check",62.15,113.10,0.00,0.00,96.78,209.88,"Joined","Others","Others"
"17796-BIH","Female",65,"No","Bihar",5,1,"None","Yes","No","Yes","Cable","Yes","No","No","No","No","No","No","Yes","Month-to-Month","Yes","Bank Withdrawal",48.45,48.45,0.00,0.00,16.42,64.87,"Joined","Others","Others"
"21956-JHA","Female",59,"Yes","Jharkhand",10,8,"None","Yes","No","Yes","Fiber Optic","Yes","No","No","Yes","No","No","No","No","Month-to-Month","Yes","Credit Card",82.30,214.40,0.00,20.00,134.91,369.31,"Joined","Others","Others"
"92198-DEL","Female",44,"Yes","Delhi",8,15,"Deal 5","Yes","No","No","None","No","No","No","No","No","No","No","No","Month-to-Month","Yes","Credit Card",20.25,20.25,0.00,0.00,28.18,48.43,"Joined","Others","Others"
"79905-UTT","Female",24,"No","Uttar Pradesh",0,12,"None","Yes","No","No","None","No","No","No","No","No","No","No","No","Month-to-Month","No","Credit Card",20.45,20.45,0.00,0.00,30.09,50.54,"Joined","Others","Others"
"71509-HAR","Female",40,"No","Haryana",3,27,"None","Yes","No","Yes","DSL","No","No","No","No","Yes","No","No","Yes","Month-to-Month","Yes","Bank Withdrawal",54.65,54.65,0.00,0.00,36.33,90.98,"Joined","Others","Others"
"62535-AND","Male",42,"No","Andhra Pradesh",8,22,"Deal 5","Yes","No","Yes","Cable","No","No","No","Yes","Yes","Yes","Yes","Yes","Month-to-Month","No","Credit Card",70.70,225.65,0.00,0.00,75.12,300.77,"Joined","Others","Others"
"45978-GUJ","Female",38,"Yes","Gujarat",2,19,"None","Yes","No","No","None","No","No","No","No","No","No","No","No","Month-to-Month","No","Credit Card",20.75,44.20,0.00,0.00,55.34,99.54,"Joined","Others","Others"
"91835-GUJ","Male",21,"Yes","Gujarat",12,5,"None","Yes","No","Yes","Cable","No","No","Yes","Yes","Yes","Yes","Yes","Yes","Month-to-Month","Yes","Bank Withdrawal",75.50,75.50,0.00,0.00,5.63,81.13,"Joined","Others","Others"
"98788-TAM","Male",58,"Yes","Tamil Nadu",4,16,"Deal 5","Yes","No","No","None","No","No","No","No","No","No","No","No","Month-to-Month","Yes","Mailed Check",20.05,39.25,0.00,0.00,13.70,52.95,"Joined","Others","Others"
"48018-RAJ","Male",39,"No","Rajasthan",1,14,"None","Yes","No","No","None","No","No","No","No","No","No","No","No","Month-to-Month","No","Credit Card",19.55,19.55,0.00,0.00,30.63,50.18,"Joined","Others","Others"
"31601-DEL","Female",31,"Yes","Delhi",2,10,"None","Yes","No","No","None","No","No","No","No","No","No","No","No","Month-to-Month","No","Credit Card",19.65,19.65,0.00,0.00,42.42,62.07,"Joined","Others","Others"
"74651-WES","Female",30,"Yes","West Bengal",7,23,"None","No","No","Yes","DSL","No","Yes","No","No","No","No","No","Yes","Month-to-Month","No","Credit Card",29.20,98.50,0.00,0.00,0.00,98.50,"Joined","Others","Others"
"42358-BIH","Female",53,"No","Bihar",9,35,"Deal 5","Yes","No","Yes","DSL","No","No","No","No","Yes","No","No","Yes","Month-to-Month","Yes","Bank Withdrawal",54.20,140.40,0.00,0.00,124.14,264.54,"Joined","Others","Others"
"71564-KAR","Female",48,"No","Karnataka",6,5,"None","Yes","No","No","None","No","No","No","No","No","No","No","No","Month-to-Month","No","Credit Card",19.05,19.05,0.00,0.00,5.02,24.07,"Joined","Others","Others"
"22137-KAR","Female",51,"No","Karnataka",4,28,"None","Yes","No","No","None","No","No","No","No","No","No","No","No","One Year","No","Credit Card",19.85,19.85,0.00,0.00,47.46,67.31,"Joined","Others","Others"
"44709-WES","Female",72,"Yes","West Bengal",7,17,"None","No","No","Yes","DSL","No","Yes","No","No","No","No","No","Yes","Month-to-Month","Yes","Bank Withdrawal",30.75,82.85,0.00,0.00,0.00,82.85,"Joined","Others","Others"
"27856-UTT","Female",33,"Yes","Uttar Pradesh",1,32,"Deal 5","Yes","No","No","None","No","No","No","No","No","No","No","No","Month-to-Month","Yes","Bank Withdrawal",19.25,19.25,0.00,0.00,9.44,28.69,"Joined","Others","Others"
"26567-UTT","Female",67,"Yes","Uttar Pradesh",1,35,"None","Yes","No","No","None","No","No","No","No","No","No","No","No","Two Year","No","Credit Card",20.35,20.35,0.00,0.00,30.09,50.44,"Joined","Others","Others"
"27465-JAM","Female",50,"No","Jammu & Kashmir",10,30,"None","Yes","No","No","None","No","No","No","No","No","No","No","No","Month-to-Month","No","Credit Card",19.85,19.85,0.00,0.00,16.47,36.32,"Joined","Others","Others"
"54195-MAH","Female",61,"Yes","Maharashtra",11,23,"None","Yes","No","No","None","No","No","No","No","No","No","No","No","Month-to-Month","No","Bank Withdrawal",19.75,19.75,0.00,0.00,37.62,57.37,"Joined","Others","Others"
"94978-PUN","Female",36,"No","Punjab",2,8,"None","Yes","No","No","None","No","No","No","No","No","No","No","No","One Year","Yes","Credit Card",19.45,69.25,0.00,0.00,8.34,77.59,"Joined","Others","Others"
"38748-AND","Female",22,"Yes","Andhra Pradesh",13,6,"None","Yes","No","No","None","No","No","No","No","No","No","No","No","Month-to-Month","No","Bank Withdrawal",19.65,19.65,0.00,0.00,27.88,47.53,"Joined","Others","Others"
"78918-BIH","Female",59,"No","Bihar",12,11,"Deal 5","Yes","No","Yes","Fiber Optic","Yes","No","No","No","No","Yes","Yes","Yes","Month-to-Month","Yes","Credit Card",86.05,244.85,0.00,0.00,54.78,299.63,"Joined","Others","Others"
"99515-ASS","Male",34,"No","Assam",11,11,"None","Yes","Yes","Yes","Cable","No","No","No","Yes","Yes","No","No","Yes","Month-to-Month","Yes","Credit Card",65.25,209.90,0.00,0.00,128.04,337.94,"Joined","Others","Others"
"26902-TEL","Male",52,"Yes","Telangana",7,2,"None","Yes","No","Yes","Fiber Optic","No","No","No","Yes","Yes","Yes","Yes","Yes","Month-to-Month","Yes","Bank Withdrawal",95.85,95.85,0.00,0.00,2.70,98.55,"Joined","Others","Others"
"97497-RAJ","Male",24,"Yes","Rajasthan",9,8,"Deal 5","Yes","No","Yes","DSL","No","Yes","No","No","No","No","No","Yes","Month-to-Month","Yes","Bank Withdrawal",49.90,49.90,0.00,0.00,6.35,56.25,"Joined","Others","Others"
"28317-MAD","Female",29,"Yes","Madhya Pradesh",14,6,"None","Yes","No","No","None","No","No","No","No","No","No","No","No","Two Year","No","Mailed Check",19.10,52.00,0.00,0.00,135.99,187.99,"Joined","Others","Others"
"32063-UTT","Female",63,"Yes","Uttar Pradesh",6,31,"Deal 5","Yes","No","No","None","No","No","No","No","No","No","No","No","Month-to-Month","Yes","Credit Card",19.00,19.00,0.00,0.00,28.28,47.28,"Joined","Others","Others"
"84843-MAD","Female",57,"Yes","Madhya Pradesh",11,8,"None","Yes","Yes","Yes","Fiber Optic","No","No","No","No","No","No","No","Yes","Month-to-Month","Yes","Bank Withdrawal",75.10,75.10,0.00,0.00,4.53,79.63,"Joined","Others","Others"
"43920-RAJ","Female",38,"No","Rajasthan",9,3,"Deal 5","Yes","No","Yes","Cable","Yes","No","No","No","No","No","No","Yes","Month-to-Month","No","Credit Card",49.90,49.90,0.00,0.00,9.00,58.90,"Joined","Others","Others"
"94609-HAR","Female",45,"No","Haryana",1,11,"None","Yes","No","No","None","No","No","No","No","No","No","No","No","Month-to-Month","No","Credit Card",19.65,60.65,0.00,0.00,91.02,151.67,"Joined","Others","Others"
"48939-BIH","Female",38,"Yes","Bihar",1,6,"None","Yes","No","Yes","DSL","No","Yes","No","No","No","No","No","Yes","Month-to-Month","No","Bank Withdrawal",49.95,49.95,0.00,0.00,44.98,94.93,"Joined","Others","Others"
"67882-UTT","Female",44,"No","Uttar Pradesh",3,16,"Deal 5","Yes","No","Yes","DSL","No","No","No","No","No","No","No","Yes","Month-to-Month","No","Bank Withdrawal",43.80,43.80,0.00,0.00,37.50,81.30,"Joined","Others","Others"
"18015-ODI","Female",28,"Yes","Odisha",15,9,"None","Yes","No","Yes","DSL","No","No","No","Yes","No","No","No","Yes","Month-to-Month","Yes","Bank Withdrawal",49.90,49.90,0.00,0.00,14.93,64.83,"Joined","Others","Others"
"12257-ASS","Female",39,"No","Assam",9,1,"None","Yes","No","No","None","No","No","No","No","No","No","No","No","Month-to-Month","Yes","Credit Card",19.55,19.55,0.00,0.00,10.20,29.75,"Joined","Others","Others"
"78253-GUJ","Male",63,"No","Gujarat",13,30,"None","Yes","No","Yes","Fiber Optic","No","Yes","No","No","No","Yes","Yes","Yes","Month-to-Month","Yes","Bank Withdrawal",85.00,85.00,0.00,0.00,15.20,100.20,"Joined","Others","Others"
"66868-HAR","Female",25,"Yes","Haryana",13,10,"None","Yes","No","Yes","Fiber Optic","No","No","No","No","No","No","No","No","Month-to-Month","Yes","Bank Withdrawal",70.25,70.25,0.00,10.00,10.05,90.30,"Joined","Others","Others"
"33776-BIH","Male",32,"Yes","Bihar",6,10,"None","Yes","No","No","None","No","No","No","No","No","No","No","No","Month-to-Month","No","Credit Card",19.20,19.20,0.00,0.00,35.88,55.08,"Joined","Others","Others"
"16931-BIH","Female",39,"Yes","Bihar",8,23,"Deal 5","Yes","No","No","None","No","No","No","No","No","No","No","No","Month-to-Month","Yes","Credit Card",19.30,19.30,0.00,0.00,8.66,27.96,"Joined","Others","Others"
"74518-ODI","Female",27,"No","Odisha",13,13,"Deal 5","Yes","No","Yes","DSL","No","No","No","No","No","No","No","Yes","Month-to-Month","No","Bank Withdrawal",44.45,82.70,0.00,0.00,37.40,120.10,"Joined","Others","Others"
"83486-MAH","Male",34,"No","Maharashtra",5,4,"Deal 5","Yes","No","Yes","Fiber Optic","No","No","Yes","No","No","No","No","Yes","Month-to-Month","No","Credit Card",75.35,75.35,0.00,0.00,38.89,114.24,"Joined","Others","Others"
"38663-UTT","Male",42,"No","Uttar Pradesh",7,15,"Deal 5","Yes","No","No","None","No","No","No","No","No","No","No","No","Month-to-Month","No","Credit Card",20.30,40.25,0.00,0.00,14.54,54.79,"Joined","Others","Others"
"44655-TEL","Male",41,"Yes","Telangana",0,25,"None","Yes","No","Yes","DSL","No","No","No","Yes","No","No","No","Yes","Month-to-Month","Yes","Mailed Check",50.50,147.75,0.00,0.00,79.14,226.89,"Joined","Others","Others"
"11751-TAM","Female",18,"No","Tamil Nadu",5,7,"Deal 5","No","No","Yes","DSL","No","No","No","No","No","No","No","Yes","Month-to-Month","No","Mailed Check",24.30,38.45,0.00,0.00,0.00,38.45,"Joined","Others","Others"
"45213-AND","Female",25,"Yes","Andhra Pradesh",15,5,"Deal 5","Yes","No","Yes","Cable","Yes","No","No","No","No","Yes","Yes","Yes","Month-to-Month","Yes","Credit Card",61.20,125.95,0.00,0.00,64.12,190.07,"Joined","Others","Others"
"21165-DEL","Female",38,"No","Delhi",2,32,"Deal 5","Yes","No","No","None","No","No","No","No","No","No","No","No","Month-to-Month","No","Credit Card",19.95,38.15,0.00,0.00,69.14,107.29,"Joined","Others","Others"
"83113-GUJ","Male",35,"No","Gujarat",8,30,"None","No","No","Yes","DSL","No","No","No","Yes","No","No","No","Yes","Month-to-Month","No","Credit Card",29.15,29.15,0.00,0.00,0.00,29.15,"Joined","Others","Others"
"34319-UTT","Male",40,"Yes","Uttar Pradesh",12,25,"Deal 5","Yes","No","Yes","DSL","No","Yes","No","No","No","No","No","Yes","Month-to-Month","Yes","Credit Card",50.15,50.15,0.00,0.00,20.30,70.45,"Joined","Others","Others"
"73044-KAR","Male",23,"Yes","Karnataka",15,5,"None","Yes","No","Yes","Fiber Optic","No","Yes","No","No","No","No","No","Yes","Month-to-Month","No","Credit Card",74.60,74.60,0.00,0.00,42.99,117.59,"Joined","Others","Others"
"71689-PUN","Female",42,"Yes","Punjab",3,19,"None","Yes","No","Yes","DSL","No","No","No","No","No","No","No","Yes","Month-to-Month","No","Credit Card",43.95,43.95,0.00,0.00,45.59,89.54,"Joined","Others","Others"
"78885-TAM","Female",43,"No","Tamil Nadu",2,5,"Deal 5","Yes","No","No","None","No","No","No","No","No","No","No","No","Month-to-Month","No","Credit Card",19.50,19.50,0.00,0.00,20.11,39.61,"Joined","Others","Others"
"65987-TAM","Male",52,"Yes","Tamil Nadu",9,34,"Deal 5","Yes","Yes","Yes","DSL","Yes","Yes","No","No","No","No","No","Yes","Month-to-Month","No","Bank Withdrawal",61.15,61.15,0.00,0.00,17.07,78.22,"Joined","Others","Others"
"94070-JAM","Female",21,"Yes","Jammu & Kashmir",8,3,"None","Yes","No","Yes","Fiber Optic","No","No","No","No","Yes","Yes","Yes","Yes","Month-to-Month","Yes","Bank Withdrawal",90.10,90.10,0.00,0.00,24.33,114.43,"Joined","Others","Others"
"85031-RAJ","Female",60,"No","Rajasthan",1,4,"Deal 5","Yes","No","Yes","DSL","No","No","No","No","No","No","No","Yes","Month-to-Month","No","Bank Withdrawal",44.00,44.00,0.00,0.00,13.40,57.40,"Joined","Others","Others"
"72469-MAD","Male",56,"No","Madhya Pradesh",9,9,"None","Yes","No","Yes","Cable","Yes","No","Yes","No","No","No","No","Yes","Month-to-Month","No","Credit Card",55.70,55.70,0.00,0.00,17.68,73.38,"Joined","Others","Others"
"46792-MAD","Female",59,"Yes","Madhya Pradesh",6,25,"Deal 5","No","No","Yes","DSL","No","No","Yes","Yes","No","No","No","Yes","Month-to-Month","No","Credit Card",35.90,35.90,0.00,0.00,0.00,35.90,"Joined","Others","Others"
"28873-TAM","Male",55,"No","Tamil Nadu",7,4,"Deal 3","Yes","No","Yes","Fiber Optic","No","Yes","No","No","No","No","No","Yes","Month-to-Month","No","Bank Withdrawal",74.95,151.75,0.00,0.00,7.52,159.27,"Joined","Others","Others"
"95748-UTT","Male",22,"Yes","Uttar Pradesh",5,4,"Deal 5","Yes","Yes","No","None","No","No","No","No","No","No","No","No","Month-to-Month","No","Mailed Check",25.40,25.40,0.00,0.00,32.73,58.13,"Joined","Others","Others"
"23683-TEL","Male",26,"No","Telangana",10,16,"None","Yes","No","No","None","No","No","No","No","No","No","No","No","Month-to-Month","Yes","Credit Card",20.25,20.25,0.00,0.00,42.96,63.21,"Joined","Others","Others"
"84789-PUN","Male",46,"No","Punjab",9,19,"Deal 5","Yes","No","Yes","Fiber Optic","No","Yes","Yes","Yes","Yes","Yes","Yes","Yes","Month-to-Month","Yes","Bank Withdrawal",107.95,318.60,0.00,0.00,37.98,356.58,"Joined","Others","Others"
"84508-TAM","Female",28,"Yes","Tamil Nadu",11,28,"None","Yes","No","No","None","No","No","No","No","No","No","No","No","Month-to-Month","No","Credit Card",21.10,21.10,0.00,0.00,18.81,39.91,"Joined","Others","Others"
"98301-WES","Male",28,"Yes","West Bengal",4,27,"None","Yes","No","Yes","Cable","Yes","No","Yes","No","No","No","No","Yes","Month-to-Month","No","Bank Withdrawal",53.45,119.50,0.00,0.00,25.18,144.68,"Joined","Others","Others"
"16068-BIH","Female",44,"Yes","Bihar",4,25,"Deal 5","No","No","Yes","DSL","No","No","No","No","No","No","No","No","Month-to-Month","No","Bank Withdrawal",25.25,25.25,0.00,10.00,0.00,35.25,"Joined","Others","Others"
"42768-TAM","Female",45,"No","Tamil Nadu",13,14,"None","Yes","No","No","None","No","No","No","No","No","No","No","No","Month-to-Month","No","Credit Card",19.40,19.40,0.00,0.00,2.85,22.25,"Joined","Others","Others"
"46619-RAJ","Male",25,"No","Rajasthan",1,14,"None","Yes","No","No","None","No","No","No","No","No","No","No","No","One Year","No","Credit Card",20.40,20.40,0.00,0.00,27.50,47.90,"Joined","Others","Others"
"84613-BIH","Female",30,"No","Bihar",8,22,"Deal 5","Yes","Yes","Yes","Fiber Optic","No","Yes","No","No","No","No","No","No","Month-to-Month","Yes","Credit Card",79.15,79.15,0.00,60.00,18.00,157.15,"Joined","Others","Others"
"91320-PUD","Female",58,"No","Puducherry",0,18,"None","Yes","No","Yes","Fiber Optic","No","No","No","No","No","No","No","Yes","Month-to-Month","No","Bank Withdrawal",70.10,70.10,0.00,0.00,1.15,71.25,"Joined","Others","Others"
"39540-BIH","Female",34,"No","Bihar",12,13,"None","Yes","No","Yes","Cable","No","No","No","Yes","No","No","No","Yes","Month-to-Month","No","Credit Card",49.05,49.05,0.00,0.00,25.77,74.82,"Joined","Others","Others"
"19539-PUN","Female",37,"Yes","Punjab",14,8,"Deal 5","Yes","No","Yes","DSL","No","No","No","No","No","No","No","Yes","Month-to-Month","Yes","Credit Card",45.40,45.40,0.00,0.00,49.33,94.73,"Joined","Others","Others"
"23256-HAR","Female",32,"Yes","Haryana",10,31,"Deal 5","Yes","No","No","None","No","No","No","No","No","No","No","No","Month-to-Month","No","Bank Withdrawal",19.85,52.00,0.00,0.00,72.10,124.10,"Joined","Others","Others"
"66164-CHH","Female",62,"No","Chhattisgarh",13,20,"None","Yes","No","No","None","No","No","No","No","No","No","No","No","Month-to-Month","No","Credit Card",19.40,61.05,0.00,0.00,13.30,74.35,"Joined","Others","Others"
"45038-BIH","Female",25,"Yes","Bihar",7,14,"None","Yes","No","Yes","Fiber Optic","Yes","No","No","No","No","No","No","Yes","Month-to-Month","Yes","Bank Withdrawal",74.55,233.65,0.00,0.00,30.30,263.95,"Joined","Others","Others"
"58974-MAD","Male",34,"No","Madhya Pradesh",11,14,"None","Yes","No","No","None","No","No","No","No","No","No","No","No","Month-to-Month","No","Credit Card",20.30,41.20,0.00,0.00,25.36,66.56,"Joined","Others","Others"
"94243-TAM","Female",34,"No","Tamil Nadu",5,15,"None","Yes","No","No","None","No","No","No","No","No","No","No","No","Month-to-Month","Yes","Credit Card",19.90,19.90,0.00,0.00,7.76,27.66,"Joined","Others","Others"
"92398-AND","Male",35,"No","Andhra Pradesh",5,12,"Deal 5","Yes","No","No","None","No","No","No","No","No","No","No","No","Month-to-Month","Yes","Credit Card",20.00,61.70,0.00,0.00,46.11,107.81,"Joined","Others","Others"
"84535-TAM","Male",46,"No","Tamil Nadu",2,36,"None","Yes","No","No","None","No","No","No","No","No","No","No","No","Month-to-Month","No","Mailed Check",20.40,42.90,0.00,0.00,99.06,141.96,"Joined","Others","Others"
"72971-TAM","Female",81,"No","Tamil Nadu",6,8,"None","Yes","No","Yes","Fiber Optic","No","No","No","Yes","No","No","No","Yes","One Year","No","Bank Withdrawal",74.70,74.70,0.00,0.00,27.65,102.35,"Joined","Others","Others"
"56554-RAJ","Female",29,"Yes","Rajasthan",0,11,"Deal 5","Yes","No","No","None","No","No","No","No","No","No","No","No","Month-to-Month","Yes","Credit Card",19.75,19.75,0.00,0.00,10.22,29.97,"Joined","Others","Others"
"86362-ASS","Female",35,"Yes","Assam",15,11,"None","Yes","No","Yes","Fiber Optic","No","No","No","Yes","No","No","No","Yes","Month-to-Month","Yes","Mailed Check",74.30,74.30,0.00,0.00,39.55,113.85,"Joined","Others","Others"
"64327-AND","Female",59,"Yes","Andhra Pradesh",8,9,"None","Yes","No","No","None","No","No","No","No","No","No","No","No","Month-to-Month","Yes","Credit Card",20.65,20.65,0.00,0.00,35.24,55.89,"Joined","Others","Others"
"28239-UTT","Female",55,"Yes","Uttar Pradesh",0,5,"None","Yes","No","No","None","No","No","No","No","No","No","No","No","Month-to-Month","No","Credit Card",19.95,19.95,0.00,0.00,38.84,58.79,"Joined","Others","Others"
"46571-HAR","Female",65,"Yes","Haryana",8,33,"Deal 5","Yes","Yes","Yes","Fiber Optic","No","No","No","No","No","Yes","No","Yes","Two Year","Yes","Bank Withdrawal",84.05,186.05,0.00,0.00,43.80,229.85,"Joined","Others","Others"
"42574-ASS","Female",25,"No","Assam",5,3,"Deal 4","Yes","No","No","None","No","No","No","No","No","No","No","No","Month-to-Month","No","Credit Card",19.55,19.55,0.00,0.00,8.23,27.78,"Joined","Others","Others"
"71261-TAM","Female",59,"No","Tamil Nadu",2,27,"None","Yes","No","Yes","Cable","Yes","Yes","No","Yes","No","Yes","Yes","Yes","Month-to-Month","Yes","Bank Withdrawal",70.45,70.45,0.00,0.00,20.10,90.55,"Joined","Others","Others"
"14567-TAM","Male",43,"No","Tamil Nadu",1,9,"None","Yes","No","No","None","No","No","No","No","No","No","No","No","Month-to-Month","No","Credit Card",20.35,20.35,0.00,0.00,44.09,64.44,"Joined","Others","Others"
"77688-TAM","Male",35,"No","Tamil Nadu",4,13,"None","Yes","No","Yes","DSL","No","No","No","Yes","No","No","No","Yes","Month-to-Month","No","Credit Card",49.00,49.00,0.00,0.00,49.19,98.19,"Joined","Others","Others"
"53612-UTT","Female",39,"Yes","Uttar Pradesh",8,34,"None","Yes","No","No","None","No","No","No","No","No","No","No","No","Month-to-Month","No","Credit Card",20.85,72.00,0.00,0.00,35.31,107.31,"Joined","Others","Others"
"13058-MAD","Female",58,"No","Madhya Pradesh",13,22,"Deal 1","Yes","No","Yes","DSL","No","No","No","No","No","No","No","Yes","Month-to-Month","Yes","Mailed Check",46.10,130.15,0.00,0.00,7.98,138.13,"Joined","Others","Others"
"23729-UTT","Female",58,"No","Uttar Pradesh",14,19,"Deal 5","Yes","No","No","None","No","No","No","No","No","No","No","No","Month-to-Month","Yes","Credit Card",19.65,38.80,0.00,0.00,19.22,58.02,"Joined","Others","Others"
"12136-RAJ","Female",25,"Yes","Rajasthan",2,35,"None","Yes","No","No","None","No","No","No","No","No","No","No","No","Month-to-Month","No","Bank Withdrawal",19.90,19.90,0.00,0.00,11.83,31.73,"Joined","Others","Others"
"35658-JHA","Male",35,"No","Jharkhand",2,16,"None","Yes","No","No","None","No","No","No","No","No","No","No","No","Month-to-Month","No","Mailed Check",20.45,20.45,0.00,0.00,39.61,60.06,"Joined","Others","Others"
"63487-MAH","Female",36,"Yes","Maharashtra",8,34,"None","Yes","No","Yes","Cable","No","No","No","No","No","No","No","Yes","Month-to-Month","No","Credit Card",44.75,44.75,0.00,0.00,40.87,85.62,"Joined","Others","Others"
"86289-UTT","Male",27,"No","Uttar Pradesh",4,27,"None","Yes","No","No","None","No","No","No","No","No","No","No","No","Month-to-Month","No","Credit Card",20.30,20.30,0.00,0.00,29.19,49.49,"Joined","Others","Others"
"32586-UTT","Female",25,"No","Uttar Pradesh",15,10,"None","Yes","Yes","No","None","No","No","No","No","No","No","No","No","Month-to-Month","Yes","Credit Card",70.40,25.75,0.00,0.00,15.22,40.97,"Joined","Others","Others"
"66749-KER","Female",47,"No","Kerala",9,5,"None","Yes","No","No","None","No","No","No","No","No","No","No","No","Month-to-Month","No","Credit Card",20.75,20.75,0.00,0.00,36.28,57.03,"Joined","Others","Others"
"46479-GUJ","Male",41,"Yes","Gujarat",0,13,"None","Yes","No","Yes","DSL","Yes","Yes","No","Yes","No","Yes","Yes","Yes","Two Year","No","Credit Card",71.10,213.35,2.62,0.00,111.00,321.73,"Joined","Others","Others"
"53295-WES","Female",35,"No","West Bengal",7,33,"Deal 5","Yes","Yes","No","None","No","No","No","No","No","No","No","No","Month-to-Month","Yes","Bank Withdrawal",25.70,25.70,0.00,0.00,43.84,69.54,"Joined","Others","Others"
"15349-UTT","Male",47,"Yes","Uttar Pradesh",9,12,"Deal 5","Yes","Yes","Yes","DSL","No","No","No","No","No","No","No","Yes","Month-to-Month","Yes","Bank Withdrawal",50.15,50.15,0.00,0.00,39.87,90.02,"Joined","Others","Others"
"28281-KAR","Male",56,"Yes","Karnataka",8,32,"Deal 5","Yes","No","Yes","Fiber Optic","No","No","No","No","No","Yes","Yes","Yes","Month-to-Month","Yes","Bank Withdrawal",80.35,253.80,0.00,0.00,148.89,402.69,"Joined","Others","Others"
"88111-MAH","Female",52,"Yes","Maharashtra",15,32,"None","Yes","No","Yes","Fiber Optic","Yes","Yes","No","Yes","No","No","No","Yes","Month-to-Month","Yes","Credit Card",83.40,83.40,0.00,0.00,43.06,126.46,"Joined","Others","Others"
"42029-TAM","Male",32,"Yes","Tamil Nadu",3,30,"None","Yes","No","No","None","No","No","No","No","No","No","No","No","Month-to-Month","Yes","Bank Withdrawal",20.50,76.95,0.00,0.00,111.03,187.98,"Joined","Others","Others"
"12490-TEL","Female",52,"No","Telangana",9,6,"None","Yes","No","Yes","Fiber Optic","No","No","Yes","No","No","No","No","Yes","Month-to-Month","Yes","Mailed Check",74.75,238.10,38.84,0.00,37.50,236.76,"Joined","Others","Others"
"34024-AND","Female",45,"Yes","Andhra Pradesh",4,21,"None","Yes","No","No","None","No","No","No","No","No","No","No","No","Month-to-Month","No","Credit Card",20.05,20.05,0.00,0.00,7.66,27.71,"Joined","Others","Others"
"71752-TEL","Female",51,"No","Telangana",4,2,"Deal 5","Yes","No","No","None","No","No","No","No","No","No","No","No","Month-to-Month","No","Bank Withdrawal",19.90,57.40,0.00,0.00,53.80,111.20,"Joined","Others","Others"
"62968-UTT","Female",18,"No","Uttar Pradesh",4,3,"None","Yes","No","Yes","Cable","No","No","No","Yes","No","Yes","Yes","Yes","Month-to-Month","Yes","Credit Card",59.55,59.55,0.00,0.00,41.39,100.94,"Joined","Others","Others"
"68826-MAH","Male",48,"No","Maharashtra",14,1,"None","No","No","Yes","Cable","No","No","No","No","No","No","No","No","Month-to-Month","Yes","Bank Withdrawal",24.70,24.70,0.00,0.00,0.00,24.70,"Joined","Others","Others"
"36017-TAM","Female",52,"Yes","Tamil Nadu",15,23,"None","Yes","No","No","None","No","No","No","No","No","No","No","No","Month-to-Month","No","Credit Card",19.55,19.55,0.00,0.00,40.63,60.18,"Joined","Others","Others"
"83610-BIH","Female",66,"Yes","Bihar",0,11,"Deal 5","Yes","No","Yes","Fiber Optic","No","No","Yes","No","No","No","No","Yes","Two Year","Yes","Bank Withdrawal",74.20,140.10,0.00,0.00,14.58,154.68,"Joined","Others","Others"
"32563-KAR","Female",34,"Yes","Karnataka",3,22,"Deal 5","Yes","No","Yes","Fiber Optic","No","No","No","No","No","No","No","No","Month-to-Month","Yes","Bank Withdrawal",69.80,146.65,0.00,10.00,22.38,179.03,"Joined","Others","Others"
"36284-ODI","Male",43,"Yes","Odisha",4,13,"None","Yes","No","Yes","DSL","No","No","No","No","No","No","No","Yes","Month-to-Month","No","Bank Withdrawal",44.55,44.55,0.00,0.00,41.10,85.65,"Joined","Others","Others"
"46378-MAH","Female",59,"Yes","Maharashtra",15,10,"None","Yes","No","Yes","Fiber Optic","No","No","No","No","No","No","No","Yes","Month-to-Month","Yes","Credit Card",70.40,154.80,0.00,0.00,14.98,169.78,"Joined","Others","Others"
"44202-TEL","Female",50,"Yes","Telangana",9,14,"None","Yes","No","Yes","Fiber Optic","No","No","No","No","No","No","No","Yes","Month-to-Month","Yes","Credit Card",69.95,69.95,0.00,0.00,11.45,81.40,"Joined","Others","Others"
"17154-HAR","Male",32,"No","Haryana",13,4,"None","Yes","No","No","None","No","No","No","No","No","No","No","No","One Year","No","Mailed Check",18.80,18.80,0.00,0.00,43.57,62.37,"Joined","Others","Others"
"19837-TAM","Female",57,"Yes","Tamil Nadu",4,6,"None","No","No","Yes","Cable","No","Yes","No","No","Yes","Yes","Yes","Yes","Month-to-Month","No","Bank Withdrawal",51.40,96.80,0.00,0.00,0.00,96.80,"Joined","Others","Others"
"13666-UTT","Male",57,"Yes","Uttarakhand",15,16,"None","Yes","No","Yes","Fiber Optic","No","Yes","No","No","Yes","Yes","Yes","Yes","Month-to-Month","No","Bank Withdrawal",95.40,293.15,0.00,0.00,51.03,344.18,"Joined","Others","Others"
"48307-WES","Female",56,"No","West Bengal",4,15,"Deal 5","Yes","No","Yes","Cable","No","No","Yes","No","Yes","Yes","Yes","No","One Year","Yes","Bank Withdrawal",69.95,220.45,0.00,30.00,88.53,338.98,"Joined","Others","Others"
"26412-ASS","Female",30,"No","Assam",7,18,"None","Yes","No","No","None","No","No","No","No","No","No","No","No","Month-to-Month","Yes","Bank Withdrawal",20.70,39.85,0.00,0.00,27.78,67.63,"Joined","Others","Others"
"86891-GUJ","Male",25,"No","Gujarat",7,5,"None","Yes","No","No","None","No","No","No","No","No","No","No","No","Month-to-Month","No","Credit Card",20.05,20.05,0.00,0.00,18.15,38.20,"Joined","Others","Others"
"34101-TAM","Female",41,"No","Tamil Nadu",5,35,"None","Yes","No","No","None","No","No","No","No","No","No","No","No","Month-to-Month","No","Bank Withdrawal",20.20,50.60,0.00,0.00,55.29,105.89,"Joined","Others","Others"
"63464-AND","Male",48,"No","Andhra Pradesh",7,5,"None","Yes","No","Yes","DSL","No","No","No","Yes","No","Yes","Yes","Yes","Month-to-Month","No","Credit Card",60.65,196.90,0.00,0.00,67.47,264.37,"Joined","Others","Others"
"92134-BIH","Male",24,"No","Bihar",5,11,"None","No","No","Yes","DSL","No","No","No","No","Yes","No","No","Yes","Month-to-Month","Yes","Credit Card",34.80,113.95,0.00,0.00,0.00,113.95,"Joined","Others","Others"
"48051-GUJ","Female",49,"Yes","Gujarat",0,36,"None","No","No","Yes","DSL","No","No","No","No","No","No","No","Yes","One Year","No","Credit Card",25.85,25.85,0.00,0.00,0.00,25.85,"Joined","Others","Others"
"19811-MAH","Female",35,"Yes","Maharashtra",10,7,"Deal 5","Yes","No","Yes","Fiber Optic","Yes","Yes","No","No","Yes","No","No","Yes","Month-to-Month","No","Bank Withdrawal",89.85,248.40,0.00,0.00,99.90,348.30,"Joined","Others","Others"
"82473-AND","Male",63,"Yes","Andhra Pradesh",10,1,"Deal 5","No","No","Yes","DSL","No","Yes","No","No","No","No","No","Yes","Month-to-Month","No","Credit Card",29.80,94.40,0.00,0.00,0.00,94.40,"Joined","Others","Others"
"89512-JAM","Male",57,"No","Jammu & Kashmir",3,34,"None","Yes","Yes","Yes","DSL","Yes","Yes","No","No","No","No","No","Yes","Month-to-Month","No","Bank Withdrawal",60.95,134.60,0.00,0.00,29.76,164.36,"Joined","Others","Others"
"27553-UTT","Female",53,"Yes","Uttar Pradesh",0,18,"None","Yes","No","No","None","No","No","No","No","No","No","No","No","Month-to-Month","No","Credit Card",20.30,20.30,0.00,0.00,4.09,24.39,"Joined","Others","Others"
"83196-UTT","Female",61,"Yes","Uttar Pradesh",3,10,"None","Yes","Yes","Yes","Fiber Optic","Yes","No","No","No","No","No","No","Yes","Month-to-Month","No","Credit Card",80.55,188.10,0.00,0.00,10.60,198.70,"Joined","Others","Others"
"95735-PUN","Female",53,"No","Punjab",10,21,"None","Yes","No","No","None","No","No","No","No","No","No","No","No","Month-to-Month","No","Credit Card",19.25,48.35,0.00,0.00,42.36,90.71,"Joined","Others","Others"
"52279-TAM","Male",53,"No","Tamil Nadu",15,26,"Deal 5","Yes","No","Yes","Fiber Optic","No","No","No","No","Yes","No","No","Yes","Month-to-Month","Yes","Bank Withdrawal",80.70,239.45,0.00,0.00,71.16,310.61,"Joined","Others","Others"
"46004-TAM","Male",25,"Yes","Tamil Nadu",1,6,"None","Yes","No","Yes","DSL","No","No","No","Yes","Yes","Yes","Yes","Yes","Month-to-Month","No","Bank Withdrawal",50.15,132.40,0.00,0.00,47.04,179.44,"Joined","Others","Others"
"45672-TAM","Female",29,"No","Tamil Nadu",0,2,"None","Yes","No","No","None","No","No","No","No","No","No","No","No","Month-to-Month","No","Mailed Check",20.20,20.20,0.00,0.00,42.15,62.35,"Joined","Others","Others"
"19541-ODI","Female",37,"Yes","Odisha",15,14,"Deal 5","Yes","No","Yes","Cable","No","No","No","No","No","No","No","Yes","Month-to-Month","Yes","Credit Card",45.25,74.20,0.00,0.00,79.00,153.20,"Joined","Others","Others"
"79777-MAH","Male",77,"Yes","Maharashtra",13,33,"None","Yes","Yes","Yes","Fiber Optic","No","No","No","No","No","No","No","Yes","Month-to-Month","Yes","Mailed Check",72.60,154.30,0.00,0.00,30.38,184.68,"Joined","Others","Others"
"95822-AND","Male",34,"Yes","Andhra Pradesh",3,26,"None","Yes","No","No","None","No","No","No","No","No","No","No","No","Month-to-Month","Yes","Credit Card",19.20,19.20,0.00,0.00,17.89,37.09,"Joined","Others","Others"
"97828-MAH","Female",57,"No","Maharashtra",0,12,"Deal 5","Yes","No","Yes","Fiber Optic","No","No","No","No","Yes","Yes","Yes","Yes","Month-to-Month","Yes","Bank Withdrawal",92.00,266.80,0.00,0.00,46.80,313.60,"Joined","Others","Others"
"54564-AND","Female",55,"Yes","Andhra Pradesh",11,7,"None","Yes","Yes","Yes","Fiber Optic","No","No","No","No","No","No","No","Yes","Month-to-Month","No","Bank Withdrawal",76.10,257.60,0.00,0.00,43.05,300.65,"Joined","Others","Others"
"84720-GUJ","Male",55,"Yes","Gujarat",11,6,"None","Yes","No","No","None","No","No","No","No","No","No","No","No","Month-to-Month","No","Credit Card",19.20,19.20,0.00,0.00,32.78,51.98,"Joined","Others","Others"
"38779-HAR","Female",25,"No","Haryana",13,19,"None","Yes","No","No","None","No","No","No","No","No","No","No","No","Month-to-Month","Yes","Credit Card",20.05,75.45,0.00,0.00,113.55,189.00,"Joined","Others","Others"
"39623-HAR","Female",85,"No","Haryana",2,10,"Deal 5","Yes","No","Yes","Fiber Optic","No","Yes","No","No","No","No","No","No","Month-to-Month","Yes","Bank Withdrawal",74.60,239.05,0.00,30.00,118.53,387.58,"Joined","Others","Others"
"53186-HAR","Male",74,"Yes","Haryana",10,2,"Deal 5","Yes","No","Yes","DSL","No","No","No","No","No","No","No","Yes","One Year","No","Bank Withdrawal",45.25,45.25,0.00,0.00,11.89,57.14,"Joined","Others","Others"
"82010-WES","Female",46,"No","West Bengal",14,7,"Deal 5","Yes","Yes","Yes","Fiber Optic","No","Yes","No","No","No","No","No","Yes","Month-to-Month","No","Bank Withdrawal",79.55,151.75,0.00,0.00,51.12,202.87,"Joined","Others","Others"
"46865-PUN","Female",18,"No","Punjab",11,1,"Deal 5","Yes","Yes","Yes","Fiber Optic","No","Yes","No","No","No","No","No","Yes","Month-to-Month","Yes","Bank Withdrawal",79.45,145.15,0.00,0.00,57.22,202.37,"Joined","Others","Others"
"99488-KAR","Male",50,"Yes","Karnataka",10,31,"None","No","No","Yes","DSL","No","No","No","No","No","No","No","Yes","Month-to-Month","No","Credit Card",24.40,24.40,0.00,0.00,0.00,24.40,"Joined","Others","Others"
"73547-KAR","Female",43,"Yes","Karnataka",13,16,"None","Yes","Yes","Yes","Fiber Optic","No","No","No","No","Yes","No","No","Yes","Month-to-Month","Yes","Bank Withdrawal",84.05,134.05,0.00,0.00,44.46,178.51,"Joined","Others","Others"
"12469-AND","Male",24,"Yes","Andhra Pradesh",11,4,"None","Yes","No","Yes","DSL","No","No","No","No","Yes","No","No","Yes","Month-to-Month","Yes","Credit Card",55.30,55.30,0.00,0.00,36.69,91.99,"Joined","Others","Others"
"77137-MAH","Male",52,"No","Maharashtra",1,8,"Deal 5","Yes","No","Yes","DSL","No","No","No","No","No","No","No","Yes","Month-to-Month","Yes","Mailed Check",45.55,45.55,0.00,0.00,16.34,61.89,"Joined","Others","Others"
"35075-PUN","Male",64,"Yes","Punjab",5,9,"None","Yes","No","Yes","Cable","No","No","Yes","Yes","No","No","No","Yes","Month-to-Month","No","Credit Card",55.05,55.05,0.00,0.00,14.65,69.70,"Joined","Others","Others"
"61474-TEL","Male",52,"Yes","Telangana",11,17,"None","Yes","No","No","None","No","No","No","No","No","No","No","No","Month-to-Month","No","Credit Card",20.35,20.35,0.00,0.00,31.97,52.32,"Joined","Others","Others"
"63883-KAR","Female",33,"Yes","Karnataka",12,26,"None","Yes","No","No","None","No","No","No","No","No","No","No","No","Month-to-Month","Yes","Mailed Check",20.45,42.45,0.00,0.00,94.38,136.83,"Joined","Others","Others"
"19041-AND","Female",36,"No","Andhra Pradesh",6,21,"Deal 5","No","No","Yes","Cable","Yes","No","No","Yes","No","No","No","Yes","Month-to-Month","No","Credit Card",35.10,101.10,0.00,0.00,0.00,101.10,"Joined","Others","Others"
"74378-KAR","Female",37,"Yes","Karnataka",12,30,"None","Yes","No","Yes","DSL","Yes","No","No","Yes","No","No","No","Yes","Month-to-Month","Yes","Credit Card",54.45,87.30,0.00,0.00,39.74,127.04,"Joined","Others","Others"
"23605-MAH","Female",31,"Yes","Maharashtra",1,19,"None","Yes","No","No","None","No","No","No","No","No","No","No","No","Month-to-Month","No","Credit Card",20.75,20.75,0.00,0.00,7.57,28.32,"Joined","Others","Others"
"22765-MAH","Female",40,"Yes","Maharashtra",6,16,"Deal 5","Yes","No","No","None","No","No","No","No","No","No","No","No","Month-to-Month","No","Bank Withdrawal",19.45,19.45,0.00,0.00,16.44,35.89,"Joined","Others","Others"
"93521-MAH","Female",55,"No","Maharashtra",6,35,"None","Yes","No","Yes","DSL","No","No","No","Yes","No","No","No","No","Month-to-Month","Yes","Bank Withdrawal",50.15,49.30,0.00,10.00,14.97,74.27,"Joined","Others","Others"
"56460-MAH","Male",38,"Yes","Maharashtra",12,23,"Deal 5","Yes","No","Yes","Fiber Optic","No","No","No","No","No","No","No","No","Month-to-Month","No","Credit Card",85.90,129.20,0.00,10.00,5.44,144.64,"Joined","Others","Others"
"94305-KAR","Male",49,"Yes","Karnataka",5,18,"Deal 5","Yes","No","No","None","No","No","No","No","No","No","No","No","Month-to-Month","No","Bank Withdrawal",19.75,19.75,0.00,0.00,5.32,25.07,"Joined","Others","Others"
"15591-KAR","Female",26,"No","Karnataka",3,31,"None","Yes","No","No","None","No","No","No","No","No","No","No","No","Month-to-Month","No","Credit Card",20.40,20.40,0.00,0.00,45.91,66.31,"Joined","Others","Others"
"98334-MAD","Male",67,"Yes","Madhya Pradesh",15,20,"Deal 3","Yes","No","No","None","No","No","No","No","No","No","No","No","Month-to-Month","No","Bank Withdrawal",20.20,65.95,0.00,0.00,95.43,161.38,"Joined","Others","Others"
"47737-UTT","Male",42,"No","Uttar Pradesh",15,25,"None","Yes","No","No","None","No","No","No","No","No","No","No","No","Month-to-Month","No","Credit Card",19.65,19.65,0.00,0.00,16.91,36.56,"Joined","Others","Others"
"24696-BIH","Female",69,"Yes","Bihar",0,20,"Deal 5","Yes","No","Yes","DSL","No","No","No","No","No","No","No","Yes","Month-to-Month","No","Bank Withdrawal",43.95,85.10,0.00,0.00,38.18,123.28,"Joined","Others","Others"
"18829-TAM","Female",49,"Yes","Tamil Nadu",4,31,"Deal 5","Yes","No","No","None","No","No","No","No","No","No","No","No","Month-to-Month","No","Credit Card",18.80,56.00,0.00,0.00,19.83,75.83,"Joined","Others","Others"
"72391-UTT","Male",35,"No","Uttar Pradesh",1,7,"None","No","No","Yes","DSL","No","No","No","No","No","Yes","Yes","Yes","Month-to-Month","No","Bank Withdrawal",35.00,35.00,0.00,0.00,0.00,35.00,"Joined","Others","Others"
"77230-RAJ","Female",59,"Yes","Rajasthan",5,4,"None","Yes","No","No","None","No","No","No","No","No","No","No","No","Month-to-Month","Yes","Bank Withdrawal",19.65,31.20,0.00,0.00,15.60,46.80,"Joined","Others","Others"
"52403-WES","Female",66,"Yes","West Bengal",9,6,"None","Yes","No","Yes","Fiber Optic","No","No","No","No","No","No","No","No","Two Year","Yes","Bank Withdrawal",71.25,71.25,0.00,10.00,17.60,98.85,"Joined","Others","Others"
"19998-AND","Female",18,"No","Andhra Pradesh",0,2,"Deal 5","Yes","No","Yes","Fiber Optic","No","No","Yes","No","No","Yes","Yes","Yes","Month-to-Month","No","Credit Card",85.70,256.75,0.00,0.00,89.52,346.27,"Joined","Others","Others"
"36483-KAR","Male",42,"No","Karnataka",2,14,"None","Yes","No","No","None","No","No","No","No","No","No","No","No","Month-to-Month","No","Credit Card",19.75,19.75,0.00,0.00,15.77,35.52,"Joined","Others","Others"
"54598-TAM","Male",59,"No","Tamil Nadu",11,32,"None","Yes","No","No","None","No","No","No","No","No","No","No","No","Month-to-Month","No","Credit Card",19.75,39.30,0.00,0.00,3.94,43.24,"Joined","Others","Others"
"66669-HAR","Male",44,"No","Haryana",12,32,"Deal 5","Yes","No","Yes","Cable","No","No","No","No","No","No","No","Yes","Month-to-Month","Yes","Bank Withdrawal",44.05,44.05,0.00,0.00,30.73,74.78,"Joined","Others","Others"
"35606-BIH","Male",76,"Yes","Bihar",12,18,"Deal 5","Yes","No","Yes","Fiber Optic","No","No","Yes","No","No","No","No","No","One Year","No","Credit Card",75.05,202.90,5.49,10.00,124.32,331.73,"Joined","Others","Others"
"33773-UTT","Male",58,"Yes","Uttar Pradesh",3,6,"Deal 5","Yes","No","No","None","No","No","No","No","No","No","No","No","Month-to-Month","No","Credit Card",20.60,20.60,0.00,0.00,1.48,22.08,"Joined","Others","Others"
"43877-PUN","Male",23,"No","Punjab",6,3,"None","Yes","No","Yes","DSL","No","No","Yes","No","No","Yes","Yes","Yes","Month-to-Month","No","Bank Withdrawal",60.85,111.40,0.00,0.00,30.50,141.90,"Joined","Others","Others"
"16764-WES","Male",40,"No","West Bengal",15,13,"Deal 5","Yes","No","No","None","No","No","No","No","No","No","No","No","Month-to-Month","No","Credit Card",20.80,20.80,0.00,0.00,48.14,68.94,"Joined","Others","Others"
"95991-MAD","Female",37,"Yes","Madhya Pradesh",0,32,"None","Yes","No","Yes","Cable","No","No","No","Yes","No","No","No","Yes","Month-to-Month","Yes","Credit Card",50.25,152.30,0.00,0.00,84.57,236.87,"Joined","Others","Others"
"56256-UTT","Male",40,"No","Uttar Pradesh",14,15,"None","Yes","No","Yes","Fiber Optic","No","No","No","No","No","No","No","Yes","Month-to-Month","Yes","Credit Card",70.30,220.40,0.00,0.00,29.22,249.62,"Joined","Others","Others"
"32587-UTT","Female",30,"No","Uttar Pradesh",1,27,"None","Yes","No","Yes","Cable","No","No","No","No","No","No","No","Yes","Month-to-Month","No","Credit Card",45.45,141.70,0.00,0.00,61.11,202.81,"Joined","Others","Others"
"86970-KER","Male",57,"Yes","Kerala",2,9,"None","Yes","No","Yes","DSL","No","Yes","No","No","No","No","No","No","Month-to-Month","No","Bank Withdrawal",49.50,49.50,0.00,30.00,16.99,96.49,"Joined","Others","Others"
"66766-UTT","Female",38,"No","Uttar Pradesh",6,10,"Deal 5","Yes","Yes","Yes","Fiber Optic","No","No","No","No","No","No","No","Yes","Month-to-Month","Yes","Bank Withdrawal",74.95,212.40,27.60,0.00,4.92,189.72,"Joined","Others","Others"
"34713-KER","Male",58,"Yes","Kerala",1,29,"Deal 5","Yes","Yes","Yes","Fiber Optic","Yes","No","No","No","No","Yes","Yes","Yes","Month-to-Month","No","Credit Card",90.75,174.75,0.00,0.00,54.34,229.09,"Joined","Others","Others"
"82170-TAM","Male",41,"No","Tamil Nadu",5,29,"None","Yes","No","Yes","DSL","No","No","No","No","No","No","No","Yes","Month-to-Month","No","Mailed Check",44.60,44.60,0.00,0.00,45.28,89.88,"Joined","Others","Others"
"74033-ASS","Female",45,"Yes","Assam",15,20,"None","No","No","Yes","Cable","No","No","No","No","No","No","No","Yes","Month-to-Month","No","Bank Withdrawal",25.25,25.25,0.00,0.00,0.00,25.25,"Joined","Others","Others"
"26139-KAR","Male",76,"No","Karnataka",5,22,"Deal 5","Yes","No","Yes","DSL","No","No","Yes","No","No","No","No","Yes","Two Year","No","Mailed Check",49.95,107.10,0.00,0.00,75.94,183.04,"Joined","Others","Others"
"32966-HAR","Female",23,"No","Haryana",3,7,"None","Yes","No","No","None","No","No","No","No","No","No","No","No","Month-to-Month","No","Bank Withdrawal",19.20,19.20,0.00,0.00,26.37,45.57,"Joined","Others","Others"
"94124-MAH","Female",21,"No","Maharashtra",9,8,"None","Yes","No","Yes","Fiber Optic","No","No","No","No","Yes","No","No","Yes","Month-to-Month","Yes","Bank Withdrawal",79.95,174.45,0.00,0.00,75.40,249.85,"Joined","Others","Others"
"13823-TEL","Female",31,"Yes","Telangana",1,28,"Deal 5","No","No","Yes","DSL","No","No","No","No","No","No","No","Yes","Month-to-Month","No","Bank Withdrawal",24.50,46.40,0.00,0.00,0.00,46.40,"Joined","Others","Others"
"57457-MAD","Female",46,"No","Madhya Pradesh",14,34,"Deal 1","Yes","No","No","None","No","No","No","No","No","No","No","No","Month-to-Month","No","Mailed Check",20.00,38.00,0.00,0.00,68.76,106.76,"Joined","Others","Others"
"96967-CHH","Female",33,"No","Chhattisgarh",5,8,"Deal 1","Yes","No","Yes","Fiber Optic","No","No","No","No","Yes","Yes","Yes","Yes","Month-to-Month","Yes","Bank Withdrawal",89.35,89.35,0.00,0.00,5.36,94.71,"Joined","Others","Others"
"71210-WES","Female",58,"No","West Bengal",15,28,"None","Yes","No","No","None","No","No","No","No","No","No","No","No","Month-to-Month","No","Credit Card",19.85,19.85,0.00,0.00,29.10,48.95,"Joined","Others","Others"
"53764-WES","Male",36,"No","West Bengal",10,23,"None","No","No","Yes","Cable","No","No","No","No","No","No","No","Yes","Month-to-Month","Yes","Credit Card",24.90,24.90,0.00,0.00,0.00,24.90,"Joined","Others","Others"
"39128-PUN","Male",36,"No","Punjab",15,22,"Deal 5","Yes","No","Yes","DSL","No","No","No","No","No","No","No","No","Month-to-Month","Yes","Bank Withdrawal",44.75,44.75,0.00,10.00,18.57,73.32,"Joined","Others","Others"
"65405-MAH","Female",65,"Yes","Maharashtra",7,18,"None","Yes","No","No","None","No","No","No","No","No","No","No","No","One Year","No","Mailed Check",20.25,71.20,0.00,0.00,4.41,75.61,"Joined","Others","Others"
"87024-KAR","Male",58,"No","Karnataka",14,8,"Deal 5","Yes","No","Yes","Fiber Optic","No","No","No","No","No","No","No","Yes","Month-to-Month","Yes","Credit Card",71.30,157.75,0.00,0.00,13.48,171.23,"Joined","Others","Others"
"99855-MAH","Female",50,"Yes","Maharashtra",5,29,"None","Yes","No","Yes","Fiber Optic","No","No","No","No","No","No","No","Yes","Month-to-Month","Yes","Bank Withdrawal",69.70,135.20,0.00,0.00,31.34,166.54,"Joined","Others","Others"
"39866-MAH","Female",24,"No","Maharashtra",1,12,"Deal 5","Yes","No","Yes","DSL","No","No","No","No","No","No","No","No","Month-to-Month","No","Bank Withdrawal",45.55,84.40,0.00,10.00,83.80,178.20,"Joined","Others","Others"
"97427-JAM","Female",27,"Yes","Jammu & Kashmir",9,2,"Deal 5","Yes","No","No","None","No","No","No","No","No","No","No","No","Month-to-Month","Yes","Credit Card",20.35,20.35,0.00,0.00,29.86,50.21,"Joined","Others","Others"
"92527-KAR","Female",40,"No","Karnataka",7,16,"None","Yes","No","No","None","No","No","No","No","No","No","No","No","Month-to-Month","Yes","Credit Card",20.05,20.05,0.00,0.00,3.23,23.28,"Joined","Others","Others"
"33910-TEL","Female",63,"No","Telangana",4,30,"Deal 1","Yes","No","No","None","No","No","No","No","No","No","No","No","Month-to-Month","No","Bank Withdrawal",19.55,61.05,0.00,0.00,122.94,183.99,"Joined","Others","Others"
"85506-MAH","Female",23,"No","Maharashtra",0,10,"None","Yes","No","No","None","No","No","No","No","No","No","No","No","One Year","No","Credit Card",20.20,34.75,0.00,0.00,76.82,111.57,"Joined","Others","Others"
"57012-TAM","Female",78,"Yes","Tamil Nadu",11,29,"Deal 5","Yes","No","Yes","DSL","No","No","No","No","No","No","No","Yes","Two Year","No","Bank Withdrawal",45.20,45.20,0.00,0.00,49.34,94.54,"Joined","Others","Others"
"46190-GUJ","Male",27,"Yes","Gujarat",0,36,"Deal 5","Yes","No","Yes","DSL","No","No","No","No","No","Yes","Yes","No","Month-to-Month","No","Mailed Check",55.55,55.55,0.00,30.00,33.32,118.87,"Joined","Others","Others"
"36628-GUJ","Female",44,"Yes","Gujarat",7,1,"Deal 5","Yes","No","Yes","Fiber Optic","Yes","No","No","Yes","No","No","No","Yes","Month-to-Month","Yes","Bank Withdrawal",80.15,194.55,0.00,0.00,53.16,247.71,"Joined","Others","Others"
"46730-ASS","Female",18,"No","Assam",5,4,"Deal 5","Yes","No","Yes","Fiber Optic","No","Yes","No","No","No","No","No","Yes","Month-to-Month","Yes","Bank Withdrawal",74.75,144.80,0.00,0.00,87.12,231.92,"Joined","Others","Others"
"47492-AND","Female",30,"Yes","Andhra Pradesh",15,24,"Deal 5","Yes","No","No","None","No","No","No","No","No","No","No","No","Month-to-Month","Yes","Bank Withdrawal",20.15,20.15,0.00,0.00,18.63,38.78,"Joined","Others","Others"
"33472-HAR","Female",77,"No","Haryana",0,16,"None","Yes","No","Yes","Fiber Optic","No","No","Yes","No","No","No","No","Yes","Two Year","No","Bank Withdrawal",73.85,196.40,0.00,0.00,139.95,336.35,"Joined","Others","Others"
"49273-PUD","Female",45,"Yes","Puducherry",11,15,"Deal 5","Yes","No","Yes","DSL","Yes","Yes","No","Yes","No","No","No","Yes","Two Year","No","Mailed Check",59.50,130.50,0.00,0.00,85.10,215.60,"Joined","Others","Others"
"44700-DEL","Female",48,"No","Delhi",10,19,"Deal 5","Yes","Yes","Yes","Fiber Optic","No","No","No","No","Yes","No","No","No","Month-to-Month","Yes","Bank Withdrawal",84.60,84.60,0.00,0.00,7.34,91.94,"Joined","Others","Others"
"25517-RAJ","Female",40,"No","Rajasthan",4,10,"None","Yes","Yes","Yes","Fiber Optic","No","No","Yes","No","Yes","No","No","No","Month-to-Month","Yes","Bank Withdrawal",91.45,171.45,0.00,10.00,98.82,280.27,"Joined","Others","Others"
"25733-HAR","Female",80,"No","Haryana",8,33,"Deal 5","Yes","No","Yes","Fiber Optic","No","No","Yes","No","Yes","Yes","No","No","One Year","Yes","Credit Card",95.50,181.65,0.00,10.00,66.20,257.85,"Joined","Others","Others"
"79342-KAR","Female",39,"Yes","Karnataka",5,22,"None","Yes","No","Yes","DSL","Yes","No","No","Yes","Yes","No","No","Yes","Month-to-Month","Yes","Credit Card",64.40,195.65,0.00,0.00,114.15,309.80,"Joined","Others","Others"
"74804-WES","Female",46,"No","West Bengal",0,5,"None","Yes","No","Yes","Fiber Optic","No","No","No","No","No","No","No","No","Month-to-Month","Yes","Credit Card",69.60,207.40,0.00,20.00,86.91,314.31,"Joined","Others","Others"
"45561-MAH","Female",44,"Yes","Maharashtra",6,7,"Deal 5","Yes","No","No","None","No","No","No","No","No","No","No","No","Month-to-Month","Yes","Mailed Check",20.00,40.90,0.00,0.00,86.54,127.44,"Joined","Others","Others"
"28681-HAR","Female",33,"No","Haryana",4,2,"None","Yes","No","Yes","Fiber Optic","No","No","Yes","No","No","No","No","Yes","Month-to-Month","No","Bank Withdrawal",75.55,75.55,0.00,0.00,7.11,82.66,"Joined","Others","Others"
"36339-UTT","Female",54,"No","Uttar Pradesh",14,7,"Deal 5","Yes","No","No","None","No","No","No","No","No","No","No","No","Month-to-Month","Yes","Credit Card",19.90,45.75,0.00,0.00,124.08,169.83,"Joined","Others","Others"
"73108-GUJ","Female",38,"Yes","Gujarat",6,12,"None","Yes","No","No","None","No","No","No","No","No","No","No","No","Month-to-Month","No","Credit Card",20.25,36.80,0.00,0.00,31.66,68.46,"Joined","Others","Others"
"86703-WES","Female",54,"Yes","West Bengal",14,35,"Deal 5","Yes","No","No","None","No","No","No","No","No","No","No","No","Month-to-Month","No","Bank Withdrawal",20.65,20.65,0.00,0.00,1.47,22.12,"Joined","Others","Others"
"92494-MAH","Female",39,"Yes","Maharashtra",11,19,"None","Yes","No","Yes","Fiber Optic","Yes","Yes","No","No","Yes","No","No","No","Month-to-Month","Yes","Bank Withdrawal",91.15,168.50,0.00,10.00,93.56,272.06,"Joined","Others","Others"
"79427-KAR","Male",67,"Yes","Karnataka",12,21,"Deal 5","Yes","No","Yes","Fiber Optic","No","No","No","No","No","No","No","Yes","Month-to-Month","No","Bank Withdrawal",70.10,141.65,0.00,0.00,69.98,211.63,"Joined","Others","Others"
"26448-BIH","Female",57,"No","Bihar",10,21,"Deal 5","Yes","No","Yes","DSL","No","Yes","No","Yes","Yes","Yes","Yes","Yes","Month-to-Month","Yes","Bank Withdrawal",75.30,244.10,0.00,0.00,116.97,361.07,"Joined","Others","Others"
"81118-MAD","Female",31,"No","Madhya Pradesh",1,13,"None","Yes","No","Yes","Cable","No","No","No","No","No","No","No","Yes","Month-to-Month","Yes","Credit Card",45.80,45.80,0.00,0.00,13.62,59.42,"Joined","Others","Others"
"91505-DEL","Male",62,"Yes","Delhi",13,36,"Deal 5","Yes","Yes","Yes","Fiber Optic","No","No","No","No","Yes","Yes","Yes","Yes","Two Year","Yes","Bank Withdrawal",94.85,335.75,0.00,0.00,113.34,449.09,"Joined","Others","Others"
"83308-TAM","Male",40,"No","Tamil Nadu",5,14,"None","No","No","Yes","DSL","No","Yes","No","No","No","No","No","Yes","Month-to-Month","No","Mailed Check",29.65,90.05,0.00,0.00,0.00,90.05,"Joined","Others","Others"
"82559-CHH","Male",34,"Yes","Chhattisgarh",0,33,"Deal 5","Yes","No","Yes","DSL","No","Yes","No","Yes","No","Yes","Yes","No","Month-to-Month","Yes","Credit Card",64.20,143.65,0.00,30.00,8.82,182.47,"Joined","Others","Others"
"72275-GUJ","Female",45,"Yes","Gujarat",8,4,"None","Yes","No","No","None","No","No","No","No","No","No","No","No","One Year","No","Credit Card",19.95,47.70,0.00,0.00,62.90,110.60,"Joined","Others","Others"
"96430-PUN","Male",37,"No","Punjab",0,23,"None","Yes","No","Yes","DSL","Yes","No","No","No","No","No","No","Yes","Month-to-Month","Yes","Credit Card",48.75,48.75,0.00,0.00,26.26,75.01,"Joined","Others","Others"
"82118-JAM","Female",69,"Yes","Jammu & Kashmir",3,6,"Deal 5","No","No","Yes","Cable","No","No","No","No","No","No","No","Yes","Month-to-Month","No","Mailed Check",24.20,24.20,0.00,0.00,0.00,24.20,"Joined","Others","Others"
"61203-PUN","Female",19,"No","Punjab",11,11,"None","Yes","Yes","Yes","Cable","No","No","No","Yes","Yes","No","No","Yes","Month-to-Month","No","Bank Withdrawal",64.60,174.20,0.00,0.00,122.97,297.17,"Joined","Others","Others"
"58577-ODI","Female",44,"Yes","Odisha",7,36,"Deal 5","Yes","No","Yes","DSL","No","No","No","No","No","No","No","Yes","Month-to-Month","Yes","Credit Card",45.85,105.60,0.00,0.00,10.94,116.54,"Joined","Others","Others"
"43908-WES","Male",36,"No","West Bengal",3,25,"None","Yes","No","Yes","Fiber Optic","No","No","No","No","No","No","No","Yes","Month-to-Month","No","Bank Withdrawal",70.35,139.25,0.00,0.00,89.54,228.79,"Joined","Others","Others"
"47611-WES","Male",25,"No","West Bengal",4,31,"None","Yes","No","Yes","DSL","No","No","No","No","No","Yes","Yes","No","Month-to-Month","Yes","Bank Withdrawal",55.25,55.25,0.00,60.00,39.19,154.44,"Joined","Others","Others"
"95594-TAM","Female",64,"No","Tamil Nadu",4,1,"None","Yes","No","Yes","DSL","No","No","No","No","No","No","No","Yes","Month-to-Month","No","Bank Withdrawal",44.00,44.00,0.00,0.00,15.66,59.66,"Joined","Others","Others"
"55043-UTT","Male",43,"Yes","Uttar Pradesh",8,17,"None","Yes","No","Yes","Fiber Optic","No","No","No","No","No","No","No","No","Month-to-Month","Yes","Bank Withdrawal",69.90,69.90,0.00,10.00,9.36,89.26,"Joined","Others","Others"
"43604-TAM","Female",18,"No","Tamil Nadu",14,7,"Deal 5","Yes","No","No","None","No","No","No","No","No","No","No","No","One Year","No","Mailed Check",19.65,19.65,0.00,0.00,23.41,43.06,"Joined","Others","Others"
"52695-UTT","Female",52,"No","Uttar Pradesh",14,34,"None","Yes","No","No","None","No","No","No","No","No","No","No","No","Month-to-Month","No","Credit Card",20.35,35.10,0.00,0.00,4.92,40.02,"Joined","Others","Others"
"89303-AND","Male",51,"No","Andhra Pradesh",6,11,"Deal 5","Yes","No","Yes","Fiber Optic","No","No","No","No","No","No","No","Yes","Month-to-Month","No","Credit Card",69.95,143.90,0.00,0.00,58.20,202.10,"Joined","Others","Others"
"19747-WES","Female",47,"No","West Bengal",15,19,"Deal 5","Yes","No","Yes","DSL","Yes","No","No","Yes","No","Yes","Yes","No","Month-to-Month","Yes","Bank Withdrawal",64.50,177.40,0.00,60.00,118.65,356.05,"Joined","Others","Others"
"25048-TEL","Male",47,"No","Telangana",15,9,"Deal 5","Yes","Yes","No","None","No","No","No","No","No","No","No","No","Month-to-Month","No","Credit Card",24.00,24.00,0.00,0.00,32.95,56.95,"Joined","Others","Others"
"79700-KER","Female",53,"No","Kerala",5,30,"None","Yes","Yes","Yes","Fiber Optic","No","Yes","Yes","No","Yes","Yes","Yes","Yes","Month-to-Month","No","Mailed Check",107.95,313.60,0.00,0.00,142.50,456.10,"Joined","Others","Others"
"93667-KER","Female",38,"No","Kerala",7,33,"None","Yes","No","No","None","No","No","No","No","No","No","No","No","One Year","Yes","Credit Card",20.55,57.40,0.00,0.00,33.81,91.21,"Joined","Others","Others"
"36323-UTT","Female",48,"No","Uttar Pradesh",14,11,"None","Yes","No","No","None","No","No","No","No","No","No","No","No","One Year","No","Bank Withdrawal",20.50,38.25,0.00,0.00,62.02,100.27,"Joined","Others","Others"
"45771-KAR","Female",50,"No","Karnataka",3,7,"None","Yes","No","Yes","DSL","No","No","No","No","No","No","No","Yes","Month-to-Month","No","Credit Card",44.45,44.45,0.00,0.00,23.34,67.79,"Joined","Others","Others"
"27561-UTT","Female",19,"No","Uttar Pradesh",6,10,"Deal 5","Yes","No","No","None","No","No","No","No","No","No","No","No","Month-to-Month","Yes","Credit Card",20.25,20.25,0.00,0.00,47.25,67.50,"Joined","Others","Others"
"21247-ASS","Male",58,"Yes","Assam",2,2,"None","Yes","No","No","None","No","No","No","No","No","No","No","No","Month-to-Month","Yes","Credit Card",19.50,19.50,0.00,0.00,8.02,27.52,"Joined","Others","Others"
"87077-TAM","Male",62,"Yes","Tamil Nadu",3,21,"Deal 5","Yes","No","Yes","Cable","No","No","Yes","No","Yes","Yes","Yes","Yes","Month-to-Month","No","Credit Card",69.00,147.80,0.00,0.00,54.82,202.62,"Joined","Others","Others"
"17250-HAR","Female",23,"Yes","Haryana",12,2,"None","Yes","No","Yes","DSL","No","Yes","No","No","No","No","No","Yes","Month-to-Month","No","Credit Card",49.25,97.00,0.00,0.00,81.50,178.50,"Joined","Others","Others"
"89382-ASS","Male",56,"No","Assam",5,29,"Deal 5","No","No","Yes","DSL","No","No","No","Yes","No","No","No","Yes","Month-to-Month","Yes","Bank Withdrawal",29.75,96.85,0.00,0.00,0.00,96.85,"Joined","Others","Others"
"16032-AND","Female",47,"No","Andhra Pradesh",8,18,"None","Yes","No","Yes","DSL","No","No","No","No","No","No","No","Yes","Month-to-Month","Yes","Bank Withdrawal",46.60,87.90,0.00,0.00,3.74,91.64,"Joined","Others","Others"
"47957-GUJ","Female",26,"No","Gujarat",4,2,"Deal 5","Yes","No","No","None","No","No","No","No","No","No","No","No","Month-to-Month","Yes","Credit Card",20.45,20.45,0.00,0.00,42.17,62.62,"Joined","Others","Others"
"49201-GUJ","Female",37,"No","Gujarat",11,30,"None","No","No","Yes","DSL","Yes","No","No","No","No","No","No","Yes","Month-to-Month","No","Credit Card",29.90,29.90,0.00,0.00,0.00,29.90,"Joined","Others","Others"
"74979-MAD","Female",49,"Yes","Madhya Pradesh",10,14,"Deal 5","No","No","Yes","Cable","No","No","No","Yes","No","No","No","Yes","Month-to-Month","No","Bank Withdrawal",29.05,44.75,0.00,0.00,0.00,44.75,"Joined","Others","Others"
"54172-RAJ","Female",64,"Yes","Rajasthan",0,9,"Deal 5","Yes","Yes","Yes","DSL","No","Yes","No","No","No","No","No","Yes","Month-to-Month","Yes","Credit Card",56.55,118.25,0.00,0.00,63.48,181.73,"Joined","Others","Others"
"83080-HAR","Female",54,"No","Haryana",9,4,"None","Yes","No","Yes","Fiber Optic","No","No","No","No","No","No","No","Yes","Month-to-Month","Yes","Bank Withdrawal",70.15,194.20,0.00,0.00,16.89,211.09,"Joined","Others","Others"
"41795-UTT","Female",58,"No","Uttar Pradesh",5,10,"None","Yes","No","No","None","No","No","No","No","No","No","No","No","Month-to-Month","No","Credit Card",19.75,19.75,0.00,0.00,41.28,61.03,"Joined","Others","Others"
"16733-ODI","Female",76,"Yes","Odisha",10,1,"None","Yes","No","Yes","DSL","No","No","No","No","No","No","No","Yes","Month-to-Month","Yes","Credit Card",45.85,45.85,0.00,0.00,40.38,86.23,"Joined","Others","Others"
"25763-JHA","Female",47,"Yes","Jharkhand",9,3,"Deal 5","Yes","No","Yes","Cable","No","No","No","No","No","No","No","Yes","Month-to-Month","No","Bank Withdrawal",44.15,44.15,0.00,0.00,9.82,53.97,"Joined","Others","Others"
"28266-JAM","Male",32,"No","Jammu & Kashmir",6,1,"None","No","No","Yes","DSL","No","No","No","No","No","No","No","Yes","Month-to-Month","No","Credit Card",25.35,25.35,0.00,0.00,0.00,25.35,"Joined","Others","Others"
"32080-WES","Male",33,"Yes","West Bengal",1,12,"None","Yes","No","No","None","No","No","No","No","No","No","No","No","Month-to-Month","Yes","Credit Card",19.60,55.25,0.00,0.00,125.70,180.95,"Joined","Others","Others"
"67994-MAD","Male",75,"Yes","Madhya Pradesh",12,33,"Deal 5","Yes","No","Yes","DSL","No","No","No","No","No","No","No","Yes","Two Year","No","Bank Withdrawal",46.30,46.30,0.00,0.00,11.51,57.81,"Joined","Others","Others"
"12340-DEL","Female",51,"Yes","Delhi",0,10,"None","Yes","No","Yes","Cable","No","No","No","No","Yes","Yes","Yes","Yes","Month-to-Month","Yes","Credit Card",62.80,62.80,0.00,0.00,42.19,104.99,"Joined","Others","Others"
"31476-TEL","Male",42,"Yes","Telangana",5,33,"Deal 5","Yes","No","No","None","No","No","No","No","No","No","No","No","Month-to-Month","No","Credit Card",19.95,19.95,0.00,0.00,27.08,47.03,"Joined","Others","Others"
"31918-KAR","Female",37,"No","Karnataka",15,34,"None","No","No","Yes","Cable","Yes","No","Yes","Yes","No","No","No","Yes","Month-to-Month","No","Credit Card",41.35,107.25,0.00,0.00,0.00,107.25,"Joined","Others","Others"
"66413-TAM","Female",53,"No","Tamil Nadu",12,4,"None","Yes","No","Yes","Fiber Optic","No","No","No","No","Yes","No","No","No","Month-to-Month","Yes","Bank Withdrawal",80.50,232.35,0.00,0.00,80.58,312.93,"Joined","Others","Others"
"97615-MAH","Female",23,"Yes","Maharashtra",11,10,"Deal 5","Yes","No","No","None","No","No","No","No","No","No","No","No","Month-to-Month","No","Credit Card",20.20,20.20,0.00,0.00,41.10,61.30,"Joined","Others","Others"
"42089-MAH","Female",32,"No","Maharashtra",2,34,"Deal 5","Yes","No","No","None","No","No","No","No","No","No","No","No","Month-to-Month","No","Credit Card",20.70,57.50,0.00,0.00,115.23,172.73,"Joined","Others","Others"
"75641-PUN","Male",77,"No","Punjab",9,28,"None","Yes","No","Yes","Fiber Optic","No","Yes","No","No","Yes","No","No","Yes","Two Year","Yes","Bank Withdrawal",83.80,163.70,0.00,0.00,65.96,229.66,"Joined","Others","Others"
"64095-BIH","Male",27,"No","Bihar",2,17,"None","Yes","No","No","None","No","No","No","No","No","No","No","No","One Year","Yes","Bank Withdrawal",70.40,20.20,0.00,0.00,44.69,64.89,"Joined","Others","Others"
"75671-PUD","Female",34,"Yes","Puducherry",8,13,"None","Yes","No","Yes","Cable","No","No","No","No","No","No","No","Yes","Month-to-Month","Yes","Bank Withdrawal",45.40,80.95,0.00,0.00,21.62,102.57,"Joined","Others","Others"
"29525-TAM","Female",50,"Yes","Tamil Nadu",9,3,"Deal 5","No","No","Yes","DSL","No","No","No","No","No","No","No","Yes","Month-to-Month","No","Credit Card",25.00,78.25,0.00,0.00,0.00,78.25,"Joined","Others","Others"
"18415-KAR","Female",33,"Yes","Karnataka",7,36,"None","Yes","No","No","None","No","No","No","No","No","No","No","No","Month-to-Month","No","Mailed Check",19.10,19.10,0.00,0.00,5.02,24.12,"Joined","Others","Others"
"35635-TEL","Female",26,"Yes","Telangana",10,5,"None","Yes","No","No","None","No","No","No","No","No","No","No","No","Month-to-Month","No","Mailed Check",20.40,20.40,0.00,0.00,17.81,38.21,"Joined","Others","Others"
"67752-MAH","Female",28,"No","Maharashtra",0,24,"None","Yes","No","Yes","Cable","No","No","No","No","No","No","No","Yes","Month-to-Month","No","Credit Card",45.30,45.30,0.00,0.00,47.36,92.66,"Joined","Others","Others"
"51961-BIH","Male",47,"No","Bihar",9,25,"Deal 5","Yes","No","Yes","DSL","Yes","No","No","No","No","No","No","Yes","Month-to-Month","No","Credit Card",50.95,123.05,0.00,0.00,73.92,196.97,"Joined","Others","Others"
"23632-HAR","Female",37,"Yes","Haryana",2,16,"Deal 5","Yes","No","Yes","Fiber Optic","Yes","No","No","No","Yes","Yes","Yes","Yes","Month-to-Month","No","Bank Withdrawal",97.10,184.15,0.00,0.00,78.70,262.85,"Joined","Others","Others"
"38920-PUN","Female",50,"No","Punjab",8,7,"None","Yes","No","Yes","Cable","No","No","No","No","No","No","No","No","Month-to-Month","Yes","Bank Withdrawal",43.85,43.85,0.00,10.00,15.90,69.75,"Joined","Others","Others"
"51597-MAD","Female",26,"Yes","Madhya Pradesh",10,18,"None","Yes","No","No","None","No","No","No","No","No","No","No","No","Month-to-Month","No","Credit Card",19.90,19.90,0.00,0.00,1.50,21.40,"Joined","Others","Others"
"88107-JAM","Female",58,"No","Jammu & Kashmir",10,34,"None","No","No","Yes","DSL","No","No","No","Yes","No","No","No","No","Month-to-Month","No","Credit Card",30.55,30.55,0.00,40.00,0.00,70.55,"Joined","Others","Others"
"86315-TAM","Female",54,"No","Tamil Nadu",6,13,"Deal 5","Yes","No","No","None","No","No","No","No","No","No","No","No","Month-to-Month","No","Bank Withdrawal",20.95,20.95,0.00,0.00,2.29,23.24,"Joined","Others","Others"
"35995-PUN","Female",34,"No","Punjab",3,23,"None","Yes","No","No","None","No","No","No","No","No","No","No","No","Month-to-Month","No","Mailed Check",20.00,63.60,0.00,0.00,120.60,184.20,"Joined","Others","Others"
"84577-TEL","Female",59,"Yes","Telangana",11,29,"None","Yes","No","Yes","Cable","No","Yes","No","No","Yes","No","No","Yes","Month-to-Month","Yes","Bank Withdrawal",59.00,114.15,0.00,0.00,54.04,168.19,"Joined","Others","Others"
"23855-MAH","Female",53,"Yes","Maharashtra",13,9,"None","Yes","No","Yes","DSL","No","No","No","No","No","No","No","Yes","Month-to-Month","No","Bank Withdrawal",44.90,111.05,0.00,0.00,10.16,121.21,"Joined","Others","Others"
"71183-TAM","Female",39,"No","Tamil Nadu",1,33,"None","Yes","No","No","None","No","No","No","No","No","No","No","No","One Year","No","Credit Card",19.60,61.35,0.00,0.00,106.95,168.30,"Joined","Others","Others"
"43297-MAH","Male",60,"No","Maharashtra",12,18,"None","Yes","No","Yes","Cable","No","No","No","Yes","No","No","No","No","Month-to-Month","Yes","Credit Card",50.20,109.25,0.00,10.00,12.68,131.93,"Joined","Others","Others"
"59750-AND","Female",49,"Yes","Andhra Pradesh",11,4,"None","Yes","Yes","Yes","Fiber Optic","No","No","No","No","No","No","No","Yes","Month-to-Month","Yes","Credit Card",74.90,136.05,0.00,0.00,82.16,218.21,"Joined","Others","Others"
"83050-PUN","Female",25,"Yes","Punjab",7,20,"None","Yes","No","No","None","No","No","No","No","No","No","No","No","One Year","No","Credit Card",20.45,34.80,0.00,0.00,92.00,126.80,"Joined","Others","Others"
"93700-MAH","Female",57,"No","Maharashtra",8,20,"Deal 5","Yes","No","Yes","Cable","Yes","No","No","No","No","No","No","Yes","Month-to-Month","Yes","Credit Card",50.70,50.70,0.00,0.00,38.05,88.75,"Joined","Others","Others"
"86369-BIH","Female",59,"No","Bihar",1,2,"Deal 5","Yes","Yes","Yes","DSL","No","Yes","No","No","No","No","No","No","Month-to-Month","No","Bank Withdrawal",54.30,54.30,0.00,10.00,34.02,98.32,"Joined","Others","Others"
"62359-AND","Female",48,"Yes","Andhra Pradesh",5,24,"Deal 5","No","No","Yes","Cable","No","Yes","No","Yes","No","No","No","No","Month-to-Month","No","Credit Card",33.60,33.60,0.00,50.00,0.00,83.60,"Joined","Others","Others"
"81763-DEL","Male",36,"Yes","Delhi",7,7,"None","Yes","No","Yes","Fiber Optic","Yes","No","Yes","No","No","No","No","Yes","Month-to-Month","Yes","Bank Withdrawal",80.45,137.10,0.00,0.00,70.82,207.92,"Joined","Others","Others"
"89188-KAR","Female",26,"Yes","Karnataka",3,9,"None","Yes","No","No","None","No","No","No","No","No","No","No","No","Month-to-Month","Yes","Mailed Check",20.55,33.60,0.00,0.00,33.40,67.00,"Joined","Others","Others"
"83939-AND","Female",42,"No","Andhra Pradesh",8,27,"None","Yes","No","No","None","No","No","No","No","No","No","No","No","Month-to-Month","No","Bank Withdrawal",20.10,43.15,0.00,0.00,65.72,108.87,"Joined","Others","Others"
"55757-KAR","Female",32,"Yes","Karnataka",2,9,"Deal 5","Yes","No","Yes","Cable","No","No","Yes","Yes","No","No","No","Yes","Month-to-Month","Yes","Mailed Check",55.80,154.55,0.00,0.00,12.57,167.12,"Joined","Others","Others"
"98767-WES","Female",26,"No","West Bengal",14,7,"None","Yes","No","No","None","No","No","No","No","No","No","No","No","Month-to-Month","No","Credit Card",20.05,20.05,0.00,0.00,11.10,31.15,"Joined","Others","Others"
"44208-AND","Female",25,"Yes","Andhra Pradesh",2,20,"None","Yes","Yes","Yes","DSL","No","Yes","Yes","No","Yes","No","No","No","Month-to-Month","Yes","Bank Withdrawal",69.15,235.00,0.00,0.00,72.84,307.84,"Joined","Others","Others"
"32375-UTT","Female",23,"Yes","Uttar Pradesh",1,3,"None","Yes","No","No","None","No","No","No","No","No","No","No","No","Month-to-Month","No","Mailed Check",20.90,20.90,0.00,0.00,10.21,31.11,"Joined","Others","Others"
"28237-JHA","Female",52,"No","Jharkhand",7,9,"Deal 5","Yes","No","Yes","Fiber Optic","No","No","No","No","No","No","No","Yes","Month-to-Month","Yes","Bank Withdrawal",69.85,199.85,0.00,0.00,104.28,304.13,"Joined","Others","Others"
"21642-TEL","Male",60,"Yes","Telangana",12,29,"None","Yes","No","Yes","DSL","Yes","No","No","Yes","No","No","No","Yes","Month-to-Month","No","Bank Withdrawal",54.50,54.50,0.00,0.00,33.21,87.71,"Joined","Others","Others"
"46081-TAM","Male",41,"Yes","Tamil Nadu",14,29,"None","Yes","No","Yes","DSL","No","No","No","No","No","No","No","Yes","Month-to-Month","No","Credit Card",45.15,45.15,0.00,0.00,42.34,87.49,"Joined","Others","Others"
"13744-AND","Female",41,"Yes","Andhra Pradesh",8,3,"Deal 5","Yes","No","No","None","No","No","No","No","No","No","No","No","Month-to-Month","Yes","Bank Withdrawal",19.65,19.65,0.00,0.00,13.85,33.50,"Joined","Others","Others"
"71234-HAR","Female",44,"No","Haryana",10,34,"None","Yes","No","No","None","No","No","No","No","No","No","No","No","Month-to-Month","Yes","Credit Card",19.40,19.40,0.00,0.00,23.97,43.37,"Joined","Others","Others"
"15803-UTT","Female",34,"No","Uttar Pradesh",6,31,"None","Yes","No","No","None","No","No","No","No","No","No","No","No","Month-to-Month","No","Credit Card",19.15,19.15,0.00,0.00,22.37,41.52,"Joined","Others","Others"
"41427-HAR","Male",37,"No","Haryana",13,13,"Deal 5","Yes","No","No","None","No","No","No","No","No","No","No","No","Month-to-Month","No","Bank Withdrawal",20.20,20.20,0.00,0.00,24.48,44.68,"Joined","Others","Others"
"31294-KAR","Male",50,"Yes","Karnataka",15,33,"Deal 5","Yes","No","Yes","DSL","Yes","No","No","No","No","No","No","Yes","Month-to-Month","No","Bank Withdrawal",49.75,49.75,0.00,0.00,41.79,91.54,"Joined","Others","Others"
"33621-MAD","Female",42,"No","Madhya Pradesh",13,12,"Deal 5","Yes","No","Yes","Fiber Optic","No","No","No","No","No","No","No","No","Month-to-Month","Yes","Bank Withdrawal",70.35,120.25,0.00,20.00,15.40,155.65,"Joined","Others","Others"
"77911-TEL","Female",20,"No","Telangana",5,8,"Deal 5","Yes","Yes","No","None","No","No","No","No","No","No","No","No","Month-to-Month","Yes","Credit Card",23.60,89.05,0.00,0.00,42.30,131.35,"Joined","Others","Others"
"77658-AND","Male",44,"No","Andhra Pradesh",0,4,"Deal 5","No","No","Yes","DSL","No","No","No","No","No","No","No","Yes","Month-to-Month","Yes","Bank Withdrawal",24.40,24.40,0.00,0.00,0.00,24.40,"Joined","Others","Others"
"13123-BIH","Female",46,"No","Bihar",13,18,"Deal 5","Yes","No","Yes","Fiber Optic","Yes","Yes","No","No","Yes","Yes","Yes","No","Month-to-Month","No","Bank Withdrawal",100.20,198.50,0.00,10.00,45.12,253.62,"Joined","Others","Others"
"42864-ODI","Female",29,"No","Odisha",2,10,"Deal 5","No","No","Yes","DSL","No","Yes","No","No","No","No","No","Yes","Month-to-Month","Yes","Mailed Check",30.25,63.75,0.00,0.00,0.00,63.75,"Joined","Others","Others"
"51751-KER","Female",62,"No","Kerala",9,25,"None","Yes","No","Yes","Fiber Optic","No","No","No","No","No","No","No","Yes","Month-to-Month","Yes","Bank Withdrawal",70.15,123.80,0.00,0.00,67.50,191.30,"Joined","Others","Others"
"76419-KAR","Male",46,"Yes","Karnataka",14,28,"None","Yes","Yes","Yes","Fiber Optic","No","No","No","No","Yes","Yes","Yes","Yes","Month-to-Month","No","Bank Withdrawal",94.90,273.20,0.00,0.00,8.91,282.11,"Joined","Others","Others"
"39332-TEL","Female",44,"Yes","Telangana",6,8,"None","Yes","No","Yes","Fiber Optic","No","No","No","No","Yes","No","No","No","Month-to-Month","Yes","Bank Withdrawal",80.55,80.55,0.00,60.00,5.93,146.48,"Joined","Others","Others"
"49304-KAR","Female",32,"Yes","Karnataka",6,33,"None","Yes","Yes","Yes","DSL","No","No","No","No","No","No","No","Yes","Month-to-Month","Yes","Credit Card",49.80,49.80,0.00,0.00,3.97,53.77,"Joined","Others","Others"
"31129-AND","Male",68,"No","Andhra Pradesh",15,15,"None","Yes","No","Yes","Fiber Optic","No","No","No","No","No","No","No","No","Month-to-Month","Yes","Bank Withdrawal",70.35,70.35,0.00,10.00,14.42,94.77,"Joined","Others","Others"
"99475-KAR","Male",22,"Yes","Karnataka",11,11,"Deal 5","Yes","No","Yes","DSL","No","Yes","No","No","No","No","No","Yes","Month-to-Month","No","Credit Card",51.55,106.20,0.00,0.00,37.22,143.42,"Joined","Others","Others"
"55831-TAM","Male",43,"No","Tamil Nadu",11,13,"Deal 5","Yes","No","No","None","No","No","No","No","No","No","No","No","Month-to-Month","No","Mailed Check",19.95,58.30,0.00,0.00,15.45,73.75,"Joined","Others","Others"
"99144-UTT","Female",41,"No","Uttar Pradesh",9,20,"None","Yes","No","No","None","No","No","No","No","No","No","No","No","Month-to-Month","Yes","Credit Card",19.65,68.35,0.00,0.00,106.77,175.12,"Joined","Others","Others"
"92228-BIH","Female",22,"Yes","Bihar",10,9,"None","No","No","Yes","Cable","No","No","No","No","No","No","No","Yes","Month-to-Month","Yes","Credit Card",25.15,25.15,0.00,0.00,0.00,25.15,"Joined","Others","Others"
"37131-MAH","Male",52,"No","Maharashtra",6,2,"Deal 2","Yes","No","Yes","Fiber Optic","No","No","No","No","Yes","Yes","Yes","Yes","Month-to-Month","Yes","Bank Withdrawal",89.25,89.25,0.00,0.00,16.64,105.89,"Joined","Others","Others"
"17597-HAR","Female",33,"Yes","Haryana",2,6,"Deal 5","No","No","Yes","DSL","No","Yes","No","No","No","No","No","Yes","Month-to-Month","Yes","Bank Withdrawal",29.85,29.85,0.00,0.00,0.00,29.85,"Joined","Others","Others"
"82427-MAH","Male",36,"No","Maharashtra",15,28,"Deal 5","Yes","No","No","None","No","No","No","No","No","No","No","No","Month-to-Month","No","Credit Card",19.55,19.55,0.00,0.00,17.94,37.49,"Joined","Others","Others"
"28378-MAD","Female",65,"No","Madhya Pradesh",12,1,"Deal 5","Yes","No","No","None","No","No","No","No","No","No","No","No","Month-to-Month","No","Bank Withdrawal",19.45,19.45,0.00,0.00,46.59,66.04,"Joined","Others","Others"
"18027-UTT","Female",58,"Yes","Uttar Pradesh",15,30,"Deal 5","Yes","No","No","None","No","No","No","No","No","No","No","No","Month-to-Month","Yes","Credit Card",19.90,33.70,0.00,0.00,7.64,41.34,"Joined","Others","Others"
"28398-TEL","Male",59,"Yes","Telangana",3,23,"Deal 5","Yes","No","No","None","No","No","No","No","No","No","No","No","Month-to-Month","No","Credit Card",20.00,20.00,0.00,0.00,25.99,45.99,"Joined","Others","Others"
"13946-HAR","Female",41,"Yes","Haryana",1,3,"Deal 5","Yes","No","No","None","No","No","No","No","No","No","No","No","Month-to-Month","No","Credit Card",19.65,19.65,0.00,0.00,23.67,43.32,"Joined","Others","Others"
"38577-BIH","Female",30,"Yes","Bihar",6,36,"None","Yes","No","Yes","DSL","No","No","No","No","No","No","No","Yes","Month-to-Month","Yes","Bank Withdrawal",44.50,90.05,0.00,0.00,61.74,151.79,"Joined","Others","Others"
"83736-UTT","Male",43,"Yes","Uttar Pradesh",1,25,"None","Yes","No","Yes","DSL","No","No","No","No","No","No","No","Yes","Month-to-Month","No","Credit Card",45.35,45.35,0.00,0.00,12.46,57.81,"Joined","Others","Others"
"51657-TAM","Male",54,"No","Tamil Nadu",13,16,"None","Yes","No","No","None","No","No","No","No","No","No","No","No","Month-to-Month","No","Credit Card",20.85,60.65,0.00,0.00,58.74,119.39,"Joined","Others","Others"
"22782-ODI","Female",50,"Yes","Odisha",2,28,"None","Yes","No","No","None","No","No","No","No","No","No","No","No","Month-to-Month","No","Credit Card",19.30,54.70,0.00,0.00,30.39,85.09,"Joined","Others","Others"
"61331-UTT","Male",36,"Yes","Uttarakhand",2,10,"Deal 5","Yes","No","Yes","DSL","Yes","No","No","No","No","No","No","Yes","Month-to-Month","Yes","Credit Card",50.75,50.75,0.00,0.00,45.77,96.52,"Joined","Others","Others"
"83440-GUJ","Male",53,"No","Gujarat",4,14,"None","Yes","No","No","None","No","No","No","No","No","No","No","No","Month-to-Month","No","Bank Withdrawal",20.00,49.65,0.00,0.00,93.18,142.83,"Joined","Others","Others"
"23078-UTT","Female",57,"Yes","Uttar Pradesh",3,24,"None","Yes","No","No","None","No","No","No","No","No","No","No","No","Month-to-Month","Yes","Bank Withdrawal",20.30,20.30,0.00,0.00,6.64,26.94,"Joined","Others","Others"
"53350-TEL","Male",37,"Yes","Telangana",6,22,"None","Yes","Yes","Yes","Fiber Optic","No","No","No","No","No","No","No","Yes","Month-to-Month","No","Bank Withdrawal",74.50,217.45,0.00,0.00,20.91,238.36,"Joined","Others","Others"
"85027-KAR","Male",57,"No","Karnataka",14,27,"Deal 5","Yes","No","No","None","No","No","No","No","No","No","No","No","Month-to-Month","Yes","Credit Card",19.75,19.75,0.00,0.00,1.61,21.36,"Joined","Others","Others"
"53449-MAH","Female",52,"No","Maharashtra",8,17,"None","Yes","No","No","None","No","No","No","No","No","No","No","No","Month-to-Month","No","Credit Card",19.90,19.90,0.00,0.00,2.38,22.28,"Joined","Others","Others"
"78978-UTT","Male",54,"No","Uttar Pradesh",0,13,"Deal 5","Yes","No","No","None","No","No","No","No","No","No","No","No","Month-to-Month","No","Credit Card",19.30,19.30,0.00,0.00,16.36,35.66,"Joined","Others","Others"
"78220-TAM","Female",21,"Yes","Tamil Nadu",14,10,"None","Yes","No","Yes","Fiber Optic","No","No","Yes","Yes","Yes","No","Yes","Yes","Month-to-Month","Yes","Credit Card",89.85,244.45,0.00,0.00,75.30,319.75,"Joined","Others","Others"
"85428-HAR","Female",62,"Yes","Haryana",11,18,"None","Yes","No","No","None","No","No","No","No","No","No","No","No","Month-to-Month","No","Credit Card",20.10,39.80,0.00,0.00,71.00,110.80,"Joined","Others","Others"
"52641-JHA","Female",44,"Yes","Jharkhand",7,29,"None","Yes","No","Yes","Fiber Optic","No","No","No","No","No","No","No","Yes","Month-to-Month","No","Mailed Check",71.10,71.10,0.00,0.00,37.51,108.61,"Joined","Others","Others"
"68556-MAH","Male",68,"No","Maharashtra",4,23,"None","Yes","No","No","None","No","No","No","No","No","No","No","No","Month-to-Month","No","Credit Card",20.20,20.20,0.00,0.00,13.08,33.28,"Joined","Others","Others"
"61025-MAH","Female",45,"No","Maharashtra",4,16,"Deal 5","Yes","No","Yes","DSL","No","No","Yes","No","No","No","No","Yes","Month-to-Month","Yes","Bank Withdrawal",49.85,49.85,0.00,0.00,42.55,92.40,"Joined","Others","Others"
"41500-KAR","Male",31,"No","Karnataka",1,31,"Deal 5","Yes","No","No","None","No","No","No","No","No","No","No","No","Month-to-Month","No","Credit Card",19.85,51.60,0.00,0.00,54.94,106.54,"Joined","Others","Others"
"27461-MAD","Male",22,"Yes","Madhya Pradesh",7,6,"Deal 5","Yes","No","Yes","Cable","No","No","No","No","No","No","No","Yes","Month-to-Month","Yes","Credit Card",44.55,44.55,0.00,0.00,23.04,67.59,"Joined","Others","Others"
"77311-MAD","Male",47,"Yes","Madhya Pradesh",9,19,"Deal 5","Yes","No","No","None","No","No","No","No","No","No","No","No","Month-to-Month","No","Credit Card",20.25,20.25,0.00,0.00,40.46,60.71,"Joined","Others","Others"
"29093-ASS","Male",57,"Yes","Assam",6,6,"None","Yes","No","No","None","No","No","No","No","No","No","No","No","Month-to-Month","Yes","Mailed Check",20.45,20.45,0.00,0.00,11.61,32.06,"Joined","Others","Others"
"83817-UTT","Male",48,"No","Uttar Pradesh",8,18,"None","Yes","No","No","None","No","No","No","No","No","No","No","No","Month-to-Month","Yes","Mailed Check",21.05,21.05,0.00,0.00,10.14,31.19,"Joined","Others","Others"
"38452-MAH","Female",34,"No","Maharashtra",6,14,"Deal 5","Yes","No","Yes","DSL","Yes","No","No","No","No","No","No","Yes","Month-to-Month","No","Bank Withdrawal",47.95,47.95,0.00,0.00,46.23,94.18,"Joined","Others","Others"
"76233-BIH","Female",78,"Yes","Bihar",6,9,"Deal 5","Yes","No","Yes","Fiber Optic","No","No","No","No","No","No","No","No","Two Year","Yes","Credit Card",70.60,70.60,0.00,30.00,32.61,133.21,"Joined","Others","Others"
"41196-MAH","Female",29,"Yes","Maharashtra",11,10,"Deal 5","Yes","No","Yes","DSL","No","No","No","No","No","No","No","No","Month-to-Month","Yes","Bank Withdrawal",45.00,45.00,0.00,10.00,40.63,95.63,"Joined","Others","Others"
"19898-HAR","Male",31,"Yes","Haryana",3,30,"Deal 5","Yes","No","No","None","No","No","No","No","No","No","No","No","Month-to-Month","No","Credit Card",19.45,19.45,0.00,0.00,29.15,48.60,"Joined","Others","Others"
"88215-KAR","Female",19,"No","Karnataka",5,10,"Deal 5","Yes","Yes","Yes","DSL","No","No","No","No","No","No","No","Yes","Month-to-Month","Yes","Bank Withdrawal",50.05,50.05,0.00,0.00,43.05,93.10,"Joined","Others","Others"
"71197-PUN","Female",38,"No","Punjab",0,33,"Deal 5","Yes","No","Yes","Cable","Yes","No","Yes","No","Yes","Yes","Yes","Yes","Month-to-Month","Yes","Bank Withdrawal",77.40,206.15,0.00,0.00,133.26,339.41,"Joined","Others","Others"
"87704-GUJ","Female",38,"Yes","Gujarat",9,24,"Deal 5","Yes","No","No","None","No","No","No","No","No","No","No","No","Two Year","No","Credit Card",20.45,20.45,0.00,0.00,43.82,64.27,"Joined","Others","Others"
"65531-MAH","Female",55,"No","Maharashtra",10,22,"None","Yes","No","No","None","No","No","No","No","No","No","No","No","Month-to-Month","No","Credit Card",19.80,19.80,0.00,0.00,11.96,31.76,"Joined","Others","Others"
"85917-TAM","Male",53,"Yes","Tamil Nadu",7,15,"Deal 5","Yes","No","No","None","No","No","No","No","No","No","No","No","Month-to-Month","Yes","Credit Card",19.50,19.50,0.00,0.00,33.02,52.52,"Joined","Others","Others"
"16244-UTT","Female",19,"Yes","Uttar Pradesh",5,7,"None","Yes","No","No","None","No","No","No","No","No","No","No","No","Month-to-Month","No","Credit Card",19.55,19.55,0.00,0.00,5.10,24.65,"Joined","Others","Others"
"44693-UTT","Female",53,"No","Uttar Pradesh",11,27,"None","Yes","No","No","None","No","No","No","No","No","No","No","No","One Year","No","Credit Card",20.30,31.90,0.00,0.00,70.84,102.74,"Joined","Others","Others"
"51214-MAH","Male",28,"No","Maharashtra",12,22,"None","Yes","No","Yes","Fiber Optic","No","No","Yes","No","No","No","No","No","Month-to-Month","Yes","Credit Card",73.60,232.50,0.00,10.00,82.02,324.52,"Joined","Others","Others"
"82718-TAM","Male",32,"Yes","Tamil Nadu",12,7,"None","Yes","No","No","None","No","No","No","No","No","No","No","No","Month-to-Month","No","Bank Withdrawal",20.70,20.70,0.00,0.00,45.86,66.56,"Joined","Others","Others"
"67941-PUN","Female",46,"No","Punjab",9,13,"Deal 5","Yes","Yes","Yes","DSL","No","Yes","No","No","No","No","No","No","Month-to-Month","No","Credit Card",54.15,101.65,0.00,10.00,42.60,154.25,"Joined","Others","Others"
"82965-TEL","Female",38,"No","Telangana",8,20,"None","Yes","No","Yes","Cable","No","No","No","No","No","No","No","No","Month-to-Month","No","Credit Card",44.75,148.05,0.00,10.00,104.67,262.72,"Joined","Others","Others"
"99862-BIH","Female",30,"No","Bihar",12,9,"Deal 5","Yes","No","Yes","Fiber Optic","No","No","No","Yes","No","No","No","Yes","Month-to-Month","No","Bank Withdrawal",74.00,74.00,0.00,0.00,23.70,97.70,"Joined","Others","Others"
"81098-GUJ","Male",31,"Yes","Gujarat",13,11,"None","Yes","No","Yes","DSL","Yes","No","No","No","No","No","No","Yes","Month-to-Month","No","Credit Card",51.25,51.25,0.00,0.00,39.30,90.55,"Joined","Others","Others"
"41235-WES","Female",37,"No","West Bengal",8,10,"Deal 5","Yes","No","Yes","DSL","No","No","No","No","No","No","No","Yes","Month-to-Month","Yes","Bank Withdrawal",44.80,44.80,0.00,0.00,27.46,72.26,"Joined","Others","Others"
"81235-JHA","Female",42,"Yes","Jharkhand",9,32,"Deal 5","Yes","No","Yes","DSL","No","No","No","No","No","No","No","Yes","Month-to-Month","Yes","Credit Card",44.90,44.90,0.00,0.00,15.76,60.66,"Joined","Others","Others"
"34169-RAJ","Male",51,"Yes","Rajasthan",14,30,"Deal 5","Yes","Yes","No","None","No","No","No","No","No","No","No","No","Month-to-Month","No","Credit Card",24.85,62.00,0.00,0.00,80.50,142.50,"Joined","Others","Others"
"23148-CHH","Female",74,"Yes","Chhattisgarh",4,9,"Deal 5","Yes","No","Yes","DSL","No","No","No","No","No","No","No","Yes","Two Year","No","Bank Withdrawal",44.00,44.00,0.00,0.00,28.67,72.67,"Joined","Others","Others"
"58044-KAR","Female",31,"No","Karnataka",5,13,"Deal 5","Yes","No","No","None","No","No","No","No","No","No","No","No","Month-to-Month","No","Credit Card",20.35,41.85,0.00,0.00,10.84,52.69,"Joined","Others","Others"
"75802-MAH","Female",61,"No","Maharashtra",4,3,"Deal 1","Yes","No","No","None","No","No","No","No","No","No","No","No","Month-to-Month","No","Credit Card",20.05,20.05,0.00,0.00,13.51,33.56,"Joined","Others","Others"
"58848-PUN","Male",58,"Yes","Punjab",14,18,"None","Yes","No","Yes","Cable","Yes","No","No","No","No","No","No","Yes","Month-to-Month","Yes","Credit Card",49.80,49.80,0.00,0.00,38.21,88.01,"Joined","Others","Others"
"33565-UTT","Male",72,"Yes","Uttar Pradesh",7,29,"None","Yes","Yes","Yes","Fiber Optic","No","No","No","No","No","No","No","Yes","Two Year","No","Bank Withdrawal",74.30,74.30,0.00,0.00,17.84,92.14,"Joined","Others","Others"
"89154-RAJ","Female",47,"No","Rajasthan",5,3,"Deal 5","Yes","No","Yes","Cable","No","Yes","No","No","No","No","No","Yes","Month-to-Month","No","Credit Card",49.20,103.70,0.00,0.00,58.56,162.26,"Joined","Others","Others"
"77678-JHA","Female",41,"Yes","Jharkhand",1,29,"None","Yes","No","Yes","DSL","Yes","No","No","No","No","No","No","Yes","Month-to-Month","No","Bank Withdrawal",49.55,49.55,0.00,0.00,10.83,60.38,"Joined","Others","Others"
"78021-UTT","Female",45,"Yes","Uttar Pradesh",12,35,"Deal 5","Yes","Yes","No","None","No","No","No","No","No","No","No","No","Month-to-Month","Yes","Credit Card",25.00,25.00,0.00,0.00,3.39,28.39,"Joined","Others","Others"
"29371-WES","Female",23,"No","West Bengal",14,9,"Deal 5","Yes","No","Yes","DSL","No","No","No","No","No","Yes","Yes","Yes","Month-to-Month","Yes","Bank Withdrawal",55.30,108.65,0.00,0.00,87.86,196.51,"Joined","Others","Others"
"88728-UTT","Female",42,"No","Uttar Pradesh",12,9,"None","Yes","No","No","None","No","No","No","No","No","No","No","No","One Year","No","Credit Card",21.20,52.05,0.00,0.00,36.15,88.20,"Joined","Others","Others"
"28782-PUN","Male",58,"Yes","Punjab",8,7,"Deal 5","Yes","No","Yes","DSL","No","No","No","No","No","No","No","Yes","Month-to-Month","Yes","Mailed Check",44.95,44.95,0.00,0.00,13.63,58.58,"Joined","Others","Others"
"49265-BIH","Female",18,"Yes","Bihar",4,4,"Deal 5","Yes","No","Yes","Cable","Yes","No","Yes","No","No","No","Yes","Yes","Month-to-Month","No","Credit Card",55.90,157.55,0.00,0.00,99.84,257.39,"Joined","Others","Others"
"84770-UTT","Female",38,"Yes","Uttar Pradesh",2,21,"None","Yes","No","No","None","No","No","No","No","No","No","No","No","Month-to-Month","No","Mailed Check",20.15,20.15,0.00,0.00,27.59,47.74,"Joined","Others","Others"
"75058-TEL","Female",59,"No","Telangana",6,14,"None","Yes","No","Yes","DSL","No","No","Yes","Yes","Yes","Yes","Yes","Yes","One Year","No","Credit Card",74.10,74.10,0.00,0.00,36.05,110.15,"Joined","Others","Others"
"81169-TEL","Female",62,"Yes","Telangana",4,2,"None","Yes","No","No","None","No","No","No","No","No","No","No","No","Month-to-Month","No","Bank Withdrawal",18.85,18.85,0.00,0.00,7.80,26.65,"Joined","Others","Others"
"65580-UTT","Male",54,"No","Uttar Pradesh",6,2,"None","Yes","No","No","None","No","No","No","No","No","No","No","No","Month-to-Month","Yes","Credit Card",19.10,53.05,0.00,0.00,48.96,102.01,"Joined","Others","Others"
"41348-BIH","Female",64,"No","Bihar",14,13,"None","Yes","No","Yes","Fiber Optic","No","No","No","No","Yes","No","No","Yes","Two Year","No","Credit Card",81.50,162.55,0.00,0.00,49.90,212.45,"Joined","Others","Others"
"89804-MAH","Male",34,"No","Maharashtra",4,31,"Deal 5","Yes","No","No","None","No","No","No","No","No","No","No","No","Month-to-Month","No","Credit Card",19.40,50.60,0.00,0.00,30.32,80.92,"Joined","Others","Others"
"74978-MAH","Female",28,"Yes","Maharashtra",1,21,"None","Yes","No","No","None","No","No","No","No","No","No","No","No","Month-to-Month","No","Bank Withdrawal",19.75,19.75,0.00,0.00,30.38,50.13,"Joined","Others","Others"
"99996-HAR","Male",22,"Yes","Haryana",2,8,"Deal 5","Yes","No","Yes","DSL","Yes","Yes","No","No","No","No","Yes","Yes","Month-to-Month","Yes","Credit Card",53.55,53.55,0.00,0.00,16.06,69.61,"Joined","Others","Others"
"21065-HAR","Male",27,"No","Haryana",5,10,"None","Yes","No","No","None","No","No","No","No","No","No","No","No","Month-to-Month","No","Credit Card",20.30,20.30,0.00,0.00,10.84,31.14,"Joined","Others","Others"
"31412-HAR","Female",81,"Yes","Haryana",14,29,"None","Yes","No","No","None","No","No","No","No","No","No","No","No","Two Year","No","Bank Withdrawal",19.20,37.20,0.00,0.00,14.06,51.26,"Joined","Others","Others"
"54997-UTT","Female",55,"No","Uttar Pradesh",7,23,"None","Yes","No","Yes","DSL","No","No","No","No","No","No","No","Yes","Month-to-Month","Yes","Credit Card",44.00,44.00,0.00,0.00,26.15,70.15,"Joined","Others","Others"
"56728-RAJ","Male",40,"No","Rajasthan",0,1,"None","Yes","No","Yes","DSL","No","No","No","No","No","No","No","Yes","Month-to-Month","No","Credit Card",45.60,45.60,0.00,0.00,37.44,83.04,"Joined","Others","Others"
"47624-TAM","Female",62,"Yes","Tamil Nadu",7,29,"None","Yes","No","Yes","DSL","No","No","No","No","No","Yes","Yes","Yes","Month-to-Month","No","Mailed Check",50.15,189.10,0.00,0.00,100.59,289.69,"Joined","Others","Others"
"95053-UTT","Female",32,"No","Uttar Pradesh",15,2,"None","Yes","Yes","No","None","No","No","No","No","No","No","No","No","Month-to-Month","No","Credit Card",24.60,86.35,0.00,0.00,78.99,165.34,"Joined","Others","Others"
"87834-ODI","Female",42,"No","Odisha",1,2,"nan","Yes","No","Yes","Fiber Optic","No","Yes","No","No","No","No","No","Yes","Month-to-Month","Yes","Bank Withdrawal",55.68,101.52,0.00,0.00,50.43,151.95,"Joined","Others","Others"
"23718-AND","Male",52,"No","Andhra Pradesh",1,1,"nan","Yes","Yes","Yes","Fiber Optic","Yes","No","No","No","Yes","No","No","Yes","One Year","No","Mailed Check",74.02,70.47,0.00,0.00,27.13,97.60,"Joined","Others","Others"
"51914-AND","Female",37,"Yes","Andhra Pradesh",3,2,"Deal 4","Yes","Yes","Yes","Fiber Optic","No","No","No","No","No","No","Yes","Yes","Month-to-Month","Yes","Mailed Check",66.70,127.05,0.00,0.00,37.50,164.55,"Joined","Others","Others"
"99106-HAR","Female",44,"Yes","Haryana",3,1,"nan","Yes","No","Yes","Cable","No","No","No","Yes","No","No","Yes","Yes","Month-to-Month","Yes","Mailed Check",95.12,89.23,0.00,0.00,30.33,119.56,"Joined","Others","Others"
"66373-UTT","Male",32,"Yes","Uttar Pradesh",8,1,"nan","Yes","Yes","No","None","No","No","No","No","No","No","No","No","Month-to-Month","No","Credit Card",23.07,23.80,0.00,0.00,42.24,66.04,"Joined","Others","Others"
"33236-DEL","Female",47,"Yes","Delhi",1,2,"nan","Yes","Yes","No","None","No","No","No","No","No","No","No","No","Month-to-Month","Yes","Mailed Check",21.28,44.36,0.00,0.00,8.41,52.77,"Joined","Others","Others"
"58285-BIH","Female",39,"No","Bihar",1,1,"nan","Yes","Yes","Yes","Cable","Yes","No","No","Yes","No","No","No","No","Month-to-Month","Yes","Bank Withdrawal",82.08,80.70,0.00,0.00,49.78,130.48,"Joined","Others","Others"
"50809-KER","Female",45,"Yes","Kerala",1,2,"nan","Yes","Yes","Yes","Cable","Yes","No","No","No","No","Yes","Yes","Yes","Month-to-Month","Yes","Credit Card",50.80,104.20,0.00,0.00,54.93,159.13,"Joined","Others","Others"
"38769-GUJ","Male",47,"Yes","Gujarat",1,2,"Deal 5","Yes","Yes","Yes","DSL","No","No","No","No","Yes","Yes","No","Yes","Month-to-Month","Yes","Mailed Check",93.19,169.92,0.00,0.00,58.06,227.98,"Joined","Others","Others"
"98929-TEL","Female",42,"Yes","Telangana",4,0,"nan","Yes","No","Yes","DSL","No","No","No","No","No","No","No","Yes","Month-to-Month","Yes","Mailed Check",48.61,51.04,0.00,0.00,28.39,79.43,"Joined","Others","Others"
"54813-GUJ","Male",23,"No","Gujarat",0,2,"Deal 4","Yes","No","Yes","Fiber Optic","No","Yes","No","Yes","No","Yes","Yes","Yes","Two Year","No","Mailed Check",93.74,177.60,0.00,0.00,47.44,225.04,"Joined","Others","Others"
"37345-CHH","Male",55,"No","Chhattisgarh",3,1,"nan","Yes","Yes","No","None","No","No","No","No","No","No","No","No","Month-to-Month","Yes","Bank Withdrawal",21.07,20.07,0.00,0.00,24.12,44.19,"Joined","Others","Others"
"72187-KER","Male",18,"Yes","Kerala",2,0,"Deal 2","Yes","No","Yes","Cable","Yes","No","No","No","Yes","No","Yes","Yes","Month-to-Month","No","Credit Card",72.41,73.71,0.00,0.00,25.05,98.76,"Joined","Others","Others"
"39757-PUN","Male",48,"No","Punjab",2,0,"nan","Yes","No","Yes","Cable","Yes","Yes","Yes","Yes","No","Yes","Yes","No","Month-to-Month","No","Credit Card",106.87,100.35,0.00,0.00,29.47,129.82,"Joined","Others","Others"
"34578-JAM","Female",73,"Yes","Jammu & Kashmir",3,0,"nan","Yes","Yes","Yes","Cable","Yes","No","Yes","No","No","No","Yes","Yes","Month-to-Month","Yes","Bank Withdrawal",45.36,41.38,0.00,0.00,41.00,82.38,"Joined","Others","Others"
"96988-TAM","Male",30,"No","Tamil Nadu",3,1,"nan","Yes","Yes","No","None","No","No","No","No","No","No","No","No","Month-to-Month","No","Credit Card",25.03,23.12,0.00,0.00,20.04,43.16,"Joined","Others","Others"
"36292-CHH","Female",44,"No","Chhattisgarh",2,2,"nan","Yes","Yes","Yes","DSL","No","Yes","No","No","No","Yes","Yes","Yes","One Year","Yes","Credit Card",113.68,231.22,0.00,0.00,45.66,276.88,"Joined","Others","Others"
"97272-BIH","Female",30,"No","Bihar",3,1,"nan","Yes","Yes","Yes","Fiber Optic","No","Yes","No","Yes","No","No","No","Yes","Two Year","Yes","Mailed Check",54.11,55.37,0.00,0.00,49.13,104.50,"Joined","Others","Others"
"39241-AND","Male",18,"Yes","Andhra Pradesh",1,0,"nan","Yes","Yes","No","None","No","No","No","No","No","No","No","No","Month-to-Month","No","Bank Withdrawal",20.39,18.75,0.00,10.00,57.79,86.54,"Joined","Others","Others"
"49214-KER","Female",33,"Yes","Kerala",2,2,"Deal 1","Yes","Yes","Yes","Fiber Optic","No","Yes","No","No","No","No","No","Yes","Month-to-Month","Yes","Mailed Check",59.26,121.69,0.00,0.00,37.57,159.26,"Joined","Others","Others"
"15655-MAD","Female",64,"No","Madhya Pradesh",1,0,"nan","Yes","Yes","Yes","Cable","No","No","No","Yes","No","No","No","No","Month-to-Month","No","Bank Withdrawal",95.53,98.99,0.00,0.00,44.95,143.94,"Joined","Others","Others"
"53408-RAJ","Female",62,"Yes","Rajasthan",1,1,"nan","Yes","No","Yes","Fiber Optic","Yes","Yes","No","Yes","Yes","Yes","Yes","Yes","Month-to-Month","No","Bank Withdrawal",54.29,55.55,0.00,0.00,40.22,95.77,"Joined","Others","Others"
"81626-UTT","Male",67,"No","Uttar Pradesh",5,1,"Deal 4","Yes","Yes","Yes","DSL","No","No","Yes","Yes","Yes","Yes","No","Yes","One Year","Yes","Mailed Check",113.31,109.35,0.00,0.00,9.70,119.05,"Joined","Others","Others"
"26082-TEL","Female",45,"Yes","Telangana",3,2,"nan","Yes","Yes","Yes","DSL","No","Yes","No","No","No","No","No","No","Month-to-Month","Yes","Credit Card",80.34,155.18,0.00,0.00,29.20,184.38,"Joined","Others","Others"
"36958-MAH","Female",48,"Yes","Maharashtra",2,0,"nan","Yes","Yes","No","None","No","No","No","No","No","No","No","No","Month-to-Month","No","Mailed Check",19.05,18.95,0.00,0.00,30.76,49.71,"Joined","Others","Others"
"74324-TAM","Female",57,"Yes","Tamil Nadu",1,0,"nan","Yes","No","Yes","Cable","No","Yes","No","No","Yes","No","Yes","No","Month-to-Month","Yes","Mailed Check",54.16,55.92,0.00,0.00,19.85,75.77,"Joined","Others","Others"
"86619-BIH","Female",37,"No","Bihar",2,0,"nan","Yes","Yes","Yes","Cable","No","No","No","No","Yes","Yes","Yes","Yes","Month-to-Month","Yes","Mailed Check",82.18,76.73,0.00,0.00,5.31,82.04,"Joined","Others","Others"
"19200-DEL","Male",22,"No","Delhi",2,2,"nan","Yes","No","No","None","No","No","No","No","No","No","No","No","Month-to-Month","Yes","Mailed Check",25.78,50.18,0.00,0.00,8.38,58.56,"Joined","Others","Others"
"88131-CHH","Female",40,"No","Chhattisgarh",1,0,"nan","Yes","No","No","None","No","No","No","No","No","No","No","No","Month-to-Month","No","Mailed Check",20.04,20.09,0.00,0.00,37.07,57.16,"Joined","Others","Others"
"75838-UTT","Female",41,"Yes","Uttar Pradesh",0,0,"nan","Yes","Yes","Yes","DSL","No","No","No","Yes","No","No","Yes","No","Month-to-Month","No","Credit Card",73.48,69.31,0.00,0.00,39.03,108.34,"Joined","Others","Others"
"39165-TEL","Female",55,"No","Telangana",3,1,"nan","Yes","Yes","Yes","DSL","No","No","No","No","No","Yes","No","Yes","Month-to-Month","No","Bank Withdrawal",50.12,50.82,0.00,0.00,32.54,83.36,"Joined","Others","Others"
"45631-UTT","Female",48,"No","Uttar Pradesh",2,0,"Deal 3","Yes","Yes","Yes","DSL","No","No","No","No","Yes","Yes","Yes","Yes","Month-to-Month","No","Mailed Check",107.86,100.26,0.00,0.00,11.67,111.93,"Joined","Others","Others"
"16012-PUN","Female",26,"Yes","Punjab",3,1,"Deal 5","Yes","Yes","Yes","Fiber Optic","No","Yes","No","No","Yes","Yes","No","Yes","Month-to-Month","Yes","Bank Withdrawal",109.24,107.33,0.00,0.00,37.99,145.32,"Joined","Others","Others"
"90758-CHH","Female",25,"No","Chhattisgarh",4,0,"Deal 3","Yes","No","No","None","No","No","No","No","No","No","No","No","One Year","Yes","Mailed Check",22.45,23.07,0.00,0.00,48.57,71.64,"Joined","Others","Others"
"91571-UTT","Female",73,"Yes","Uttarakhand",2,0,"Deal 5","Yes","Yes","Yes","DSL","No","No","Yes","No","No","No","No","Yes","Month-to-Month","Yes","Mailed Check",93.66,94.47,0.00,0.00,20.47,114.94,"Joined","Others","Others"
"70946-PUN","Female",21,"No","Punjab",3,0,"nan","Yes","Yes","Yes","Cable","No","No","No","No","No","Yes","No","Yes","One Year","Yes","Bank Withdrawal",86.50,82.17,0.00,0.00,59.65,141.82,"Joined","Others","Others"
"68576-MAH","Male",36,"No","Maharashtra",1,0,"Deal 4","Yes","Yes","Yes","Cable","No","Yes","No","No","Yes","No","No","No","Month-to-Month","Yes","Credit Card",61.42,62.07,0.00,0.00,14.62,76.69,"Joined","Others","Others"
"23395-KER","Female",65,"No","Kerala",0,2,"Deal 4","Yes","No","Yes","Fiber Optic","No","Yes","No","Yes","Yes","Yes","No","Yes","One Year","Yes","Bank Withdrawal",66.39,129.77,0.00,20.00,29.82,179.59,"Joined","Others","Others"
"80971-PUD","Male",40,"Yes","Puducherry",0,1,"nan","Yes","No","Yes","Fiber Optic","No","Yes","Yes","No","Yes","Yes","Yes","Yes","Month-to-Month","No","Bank Withdrawal",112.01,103.04,0.00,10.00,55.37,168.41,"Joined","Others","Others"
"41552-PUN","Female",18,"No","Punjab",1,2,"Deal 1","Yes","Yes","No","None","No","No","No","No","No","No","No","No","Two Year","Yes","Credit Card",20.94,39.15,0.00,0.00,46.60,85.75,"Joined","Others","Others"
"84270-CHH","Female",34,"Yes","Chhattisgarh",2,2,"Deal 4","Yes","No","Yes","DSL","No","Yes","No","Yes","No","No","Yes","Yes","Month-to-Month","Yes","Credit Card",53.50,104.48,0.00,30.00,48.84,183.32,"Joined","Others","Others"
"44171-GUJ","Female",49,"Yes","Gujarat",3,2,"nan","Yes","Yes","Yes","DSL","No","No","No","No","Yes","No","No","Yes","Month-to-Month","Yes","Mailed Check",63.19,125.48,0.00,0.00,50.06,175.54,"Joined","Others","Others"
"66532-CHH","Male",25,"No","Chhattisgarh",2,0,"nan","Yes","No","Yes","Fiber Optic","No","No","No","No","No","Yes","Yes","Yes","Month-to-Month","Yes","Credit Card",111.00,113.90,0.00,0.00,54.11,168.01,"Joined","Others","Others"
"38602-KER","Female",39,"No","Kerala",2,0,"Deal 4","Yes","Yes","Yes","Cable","No","Yes","Yes","No","Yes","Yes","Yes","No","Month-to-Month","Yes","Mailed Check",96.63,101.04,0.00,20.00,47.03,168.07,"Joined","Others","Others"
"38138-UTT","Female",44,"No","Uttarakhand",0,1,"Deal 5","Yes","Yes","Yes","Cable","No","Yes","No","No","Yes","Yes","Yes","Yes","Month-to-Month","No","Bank Withdrawal",112.19,114.41,0.00,0.00,58.80,173.21,"Joined","Others","Others"
"49071-PUD","Male",29,"No","Puducherry",2,2,"nan","Yes","Yes","Yes","Cable","No","No","No","Yes","Yes","No","No","Yes","Month-to-Month","No","Bank Withdrawal",45.89,94.46,0.00,0.00,55.14,149.60,"Joined","Others","Others"
"38044-ASS","Female",58,"No","Assam",1,2,"Deal 5","Yes","No","Yes","Cable","No","No","Yes","No","Yes","No","No","Yes","Month-to-Month","No","Credit Card",68.97,134.66,0.00,0.00,33.90,168.56,"Joined","Others","Others"
"19496-GUJ","Female",37,"Yes","Gujarat",1,0,"Deal 5","Yes","No","No","None","No","No","No","No","No","No","No","No","Month-to-Month","No","Mailed Check",18.79,17.79,0.00,0.00,48.91,66.70,"Joined","Others","Others"
"41656-MAH","Female",44,"No","Maharashtra",3,0,"Deal 4","Yes","No","Yes","DSL","Yes","Yes","No","No","Yes","No","No","No","Two Year","Yes","Mailed Check",86.51,77.90,0.00,0.00,21.33,99.23,"Joined","Others","Others"
"25379-CHH","Male",61,"Yes","Chhattisgarh",3,1,"nan","Yes","No","Yes","Fiber Optic","No","No","Yes","No","No","Yes","Yes","Yes","Month-to-Month","No","Mailed Check",99.94,96.55,0.00,0.00,19.69,116.24,"Joined","Others","Others"
"43937-DEL","Male",47,"Yes","Delhi",3,1,"nan","Yes","Yes","No","None","No","No","No","No","No","No","No","No","Month-to-Month","No","Mailed Check",23.49,23.16,0.00,0.00,11.07,34.23,"Joined","Others","Others"
"44865-BIH","Male",19,"Yes","Bihar",5,2,"Deal 5","Yes","Yes","Yes","DSL","No","Yes","No","No","No","Yes","Yes","Yes","Month-to-Month","No","Bank Withdrawal",79.75,144.92,0.00,0.00,7.88,152.80,"Joined","Others","Others"
"23975-ODI","Male",38,"No","Odisha",1,1,"Deal 5","Yes","Yes","Yes","Fiber Optic","No","No","Yes","No","Yes","Yes","No","Yes","Month-to-Month","Yes","Mailed Check",82.27,76.97,0.00,0.00,32.90,109.87,"Joined","Others","Others"
"75428-JHA","Female",36,"No","Jharkhand",1,0,"Deal 2","Yes","Yes","No","None","No","No","No","No","No","No","No","No","Month-to-Month","Yes","Mailed Check",23.23,21.98,0.00,20.00,58.04,100.02,"Joined","Others","Others"
"16304-RAJ","Female",30,"Yes","Rajasthan",3,1,"nan","Yes","No","Yes","DSL","No","No","Yes","No","No","Yes","No","Yes","Month-to-Month","Yes","Mailed Check",51.83,50.89,0.00,0.00,30.75,81.64,"Joined","Others","Others"
"77263-BIH","Male",64,"Yes","Bihar",3,1,"nan","Yes","Yes","Yes","Cable","No","No","Yes","No","No","No","Yes","Yes","One Year","Yes","Mailed Check",77.48,70.96,0.00,0.00,49.33,120.29,"Joined","Others","Others"
"42658-ASS","Male",18,"No","Assam",2,0,"Deal 5","Yes","No","No","None","No","No","No","No","No","No","No","No","Month-to-Month","Yes","Bank Withdrawal",22.16,21.00,0.00,10.00,54.37,85.37,"Joined","Others","Others"
"11898-ASS","Female",43,"No","Assam",1,0,"nan","Yes","Yes","No","None","No","No","No","No","No","No","No","No","Month-to-Month","Yes","Credit Card",21.52,21.96,0.00,0.00,58.03,79.99,"Joined","Others","Others"
"52870-CHH","Male",57,"No","Chhattisgarh",3,0,"Deal 5","Yes","No","Yes","Cable","No","Yes","No","Yes","No","No","No","Yes","Month-to-Month","No","Credit Card",67.00,63.90,0.00,0.00,49.69,113.59,"Joined","Others","Others"
"46116-HAR","Female",61,"No","Haryana",0,0,"Deal 2","Yes","Yes","Yes","Cable","No","No","No","No","Yes","No","No","No","Month-to-Month","No","Bank Withdrawal",89.39,84.67,0.00,0.00,40.90,125.57,"Joined","Others","Others"
"48547-TEL","Female",36,"No","Telangana",2,2,"Deal 5","Yes","No","Yes","Fiber Optic","No","No","No","No","Yes","No","No","Yes","One Year","Yes","Credit Card",52.77,103.64,0.00,0.00,58.61,162.25,"Joined","Others","Others"
"32010-PUN","Female",31,"Yes","Punjab",0,1,"nan","Yes","Yes","Yes","Cable","No","No","No","No","No","No","No","Yes","Two Year","Yes","Bank Withdrawal",82.29,75.55,0.00,0.00,15.80,91.35,"Joined","Others","Others"
"69711-RAJ","Male",18,"Yes","Rajasthan",0,0,"Deal 5","Yes","No","Yes","DSL","No","No","No","No","No","No","No","No","Month-to-Month","Yes","Bank Withdrawal",64.97,66.81,0.00,0.00,3.82,70.63,"Joined","Others","Others"
"54900-ODI","Male",35,"No","Odisha",0,0,"Deal 2","Yes","Yes","Yes","DSL","Yes","No","Yes","No","Yes","No","No","Yes","Month-to-Month","Yes","Credit Card",68.86,68.49,0.00,0.00,42.16,110.65,"Joined","Others","Others"
"28230-KAR","Male",34,"No","Karnataka",4,0,"Deal 5","Yes","Yes","Yes","Fiber Optic","Yes","Yes","No","No","Yes","No","No","Yes","Month-to-Month","Yes","Credit Card",88.58,86.59,0.00,0.00,0.46,87.05,"Joined","Others","Others"
"47418-UTT","Female",32,"No","Uttar Pradesh",1,0,"nan","Yes","No","Yes","DSL","No","No","Yes","No","Yes","Yes","No","No","Month-to-Month","No","Credit Card",79.55,82.69,0.00,0.00,23.39,106.08,"Joined","Others","Others"
"54363-UTT","Female",44,"No","Uttarakhand",4,0,"nan","Yes","Yes","Yes","Cable","Yes","No","No","Yes","Yes","No","No","Yes","Month-to-Month","Yes","Bank Withdrawal",74.33,70.48,0.00,0.00,24.76,95.24,"Joined","Others","Others"
"61649-RAJ","Male",47,"Yes","Rajasthan",2,0,"nan","Yes","No","No","None","No","No","No","No","No","No","No","No","Month-to-Month","Yes","Mailed Check",23.10,22.64,0.00,0.00,0.70,23.34,"Joined","Others","Others"
"12282-MAD","Male",37,"Yes","Madhya Pradesh",0,0,"nan","Yes","No","Yes","Cable","No","No","No","No","Yes","Yes","No","Yes","Month-to-Month","No","Mailed Check",100.89,102.29,0.00,0.00,53.38,155.67,"Joined","Others","Others"
"93555-PUD","Female",28,"Yes","Puducherry",2,2,"Deal 4","Yes","Yes","No","None","No","No","No","No","No","No","No","No","Month-to-Month","Yes","Bank Withdrawal",25.57,50.91,0.00,0.00,4.30,55.21,"Joined","Others","Others"
"21120-AND","Female",41,"No","Andhra Pradesh",2,0,"Deal 3","Yes","Yes","Yes","DSL","No","No","Yes","Yes","Yes","Yes","Yes","No","Month-to-Month","No","Credit Card",77.10,73.67,0.00,0.00,28.44,102.11,"Joined","Others","Others"
"40403-TEL","Female",57,"No","Telangana",1,2,"Deal 3","Yes","No","Yes","Cable","No","No","Yes","No","No","No","No","Yes","Two Year","Yes","Credit Card",66.16,129.16,0.00,0.00,14.10,143.26,"Joined","Others","Others"
"10358-AND","Female",54,"No","Andhra Pradesh",2,2,"nan","Yes","No","Yes","Fiber Optic","No","No","No","No","Yes","No","No","No","One Year","Yes","Bank Withdrawal",54.27,106.37,0.00,10.00,7.84,124.21,"Joined","Others","Others"
"36086-AND","Female",18,"Yes","Andhra Pradesh",4,2,"nan","Yes","Yes","Yes","Fiber Optic","No","No","No","No","No","No","No","Yes","Month-to-Month","Yes","Mailed Check",95.80,189.74,0.00,0.00,48.40,238.14,"Joined","Others","Others"
"29503-WES","Male",57,"No","West Bengal",1,2,"nan","Yes","Yes","Yes","Fiber Optic","No","Yes","No","No","No","No","Yes","Yes","Month-to-Month","Yes","Bank Withdrawal",70.11,146.34,0.00,0.00,59.87,206.21,"Joined","Others","Others"
"94761-UTT","Male",36,"No","Uttar Pradesh",1,0,"Deal 3","Yes","Yes","Yes","DSL","Yes","No","No","No","No","No","Yes","Yes","Month-to-Month","No","Mailed Check",95.62,87.00,0.00,0.00,6.66,93.66,"Joined","Others","Others"
"20207-CHH","Female",45,"Yes","Chhattisgarh",3,1,"Deal 3","Yes","No","Yes","DSL","No","No","Yes","Yes","Yes","Yes","No","No","Month-to-Month","Yes","Mailed Check",83.43,79.56,0.00,0.00,7.38,86.94,"Joined","Others","Others"
"26566-JAM","Male",51,"No","Jammu & Kashmir",3,1,"nan","Yes","No","Yes","Cable","Yes","No","Yes","No","No","No","Yes","No","Month-to-Month","Yes","Credit Card",102.66,97.28,0.00,0.00,30.67,127.95,"Joined","Others","Others"
"78703-ASS","Female",35,"No","Assam",3,2,"Deal 1","Yes","Yes","Yes","Cable","No","No","No","No","No","Yes","No","Yes","One Year","Yes","Mailed Check",53.12,109.07,0.00,0.00,8.35,117.42,"Joined","Others","Others"
"22180-KER","Male",42,"Yes","Kerala",1,2,"Deal 3","Yes","Yes","Yes","Fiber Optic","Yes","No","No","Yes","Yes","No","No","Yes","Two Year","Yes","Credit Card",77.04,139.88,0.00,0.00,24.99,164.87,"Joined","Others","Others"
"36654-CHH","Female",49,"Yes","Chhattisgarh",4,0,"Deal 2","Yes","Yes","Yes","Fiber Optic","No","No","No","No","Yes","No","Yes","Yes","Month-to-Month","Yes","Mailed Check",49.07,50.31,0.00,0.00,22.75,73.06,"Joined","Others","Others"
"52965-MAH","Male",22,"No","Maharashtra",1,2,"nan","Yes","No","Yes","Fiber Optic","Yes","No","No","No","No","Yes","No","No","Month-to-Month","Yes","Credit Card",81.49,148.55,0.00,0.00,22.06,170.61,"Joined","Others","Others"
"91029-TAM","Male",41,"No","Tamil Nadu",4,2,"Deal 5","Yes","Yes","Yes","Cable","No","No","No","No","Yes","Yes","Yes","Yes","Month-to-Month","Yes","Bank Withdrawal",97.32,204.09,0.00,0.00,31.84,235.93,"Joined","Others","Others"
"88257-ODI","Male",63,"Yes","Odisha",2,1,"nan","Yes","Yes","Yes","Fiber Optic","No","No","Yes","No","No","Yes","No","Yes","Month-to-Month","Yes","Credit Card",69.16,71.48,0.00,0.00,3.73,75.21,"Joined","Others","Others"
"26241-JAM","Male",18,"No","Jammu & Kashmir",0,1,"Deal 5","Yes","No","Yes","Cable","No","Yes","Yes","No","No","No","No","Yes","Month-to-Month","Yes","Mailed Check",56.60,56.67,0.00,0.00,59.70,116.37,"Joined","Others","Others"
"64110-ASS","Female",39,"No","Assam",4,1,"Deal 4","Yes","Yes","Yes","Cable","No","Yes","Yes","Yes","Yes","No","No","Yes","Month-to-Month","No","Bank Withdrawal",93.88,95.16,0.00,0.00,28.61,123.77,"Joined","Others","Others"
"73069-KAR","Male",62,"No","Karnataka",3,1,"nan","Yes","Yes","Yes","Fiber Optic","No","Yes","No","No","No","Yes","No","Yes","One Year","Yes","Credit Card",78.66,72.61,0.00,30.00,57.29,159.90,"Joined","Others","Others"
"95663-DEL","Male",36,"Yes","Delhi",2,1,"nan","Yes","Yes","No","None","No","No","No","No","No","No","No","No","Two Year","No","Credit Card",20.20,19.89,0.00,0.00,39.40,59.29,"Joined","Others","Others"
"73232-ASS","Female",27,"Yes","Assam",2,0,"Deal 5","Yes","Yes","Yes","DSL","No","No","Yes","No","No","No","No","Yes","Month-to-Month","Yes","Credit Card",99.63,98.50,0.00,0.00,19.89,118.39,"Joined","Others","Others"
"23869-GUJ","Female",51,"No","Gujarat",0,1,"Deal 3","Yes","Yes","Yes","DSL","No","No","No","No","No","No","Yes","No","Two Year","Yes","Credit Card",82.74,79.33,0.00,0.00,31.92,111.25,"Joined","Others","Others"
"44148-PUD","Male",23,"Yes","Puducherry",1,1,"Deal 5","Yes","Yes","Yes","Cable","No","No","No","No","Yes","Yes","Yes","Yes","Month-to-Month","Yes","Bank Withdrawal",114.97,110.25,0.00,0.00,39.66,149.91,"Joined","Others","Others"
"13273-BIH","Female",23,"Yes","Bihar",2,1,"Deal 1","Yes","Yes","Yes","DSL","Yes","No","No","No","Yes","No","No","Yes","Month-to-Month","No","Mailed Check",57.61,57.85,0.00,0.00,51.70,109.55,"Joined","Others","Others"
"29873-JAM","Male",49,"Yes","Jammu & Kashmir",5,2,"nan","Yes","Yes","Yes","Fiber Optic","Yes","No","Yes","No","No","No","Yes","Yes","Month-to-Month","No","Mailed Check",102.20,197.13,0.00,0.00,28.94,226.07,"Joined","Others","Others"
"77391-UTT","Female",23,"Yes","Uttar Pradesh",4,2,"Deal 3","Yes","Yes","No","None","No","No","No","No","No","No","No","No","Month-to-Month","Yes","Mailed Check",24.37,50.09,0.00,30.00,37.68,117.77,"Joined","Others","Others"
"47327-ODI","Female",41,"No","Odisha",1,0,"nan","Yes","Yes","Yes","Fiber Optic","Yes","No","Yes","No","No","Yes","Yes","Yes","Two Year","No","Mailed Check",111.11,101.94,0.00,0.00,47.12,149.06,"Joined","Others","Others"
"99116-ODI","Female",30,"No","Odisha",2,1,"Deal 5","Yes","No","Yes","Fiber Optic","Yes","No","No","No","No","Yes","No","Yes","Month-to-Month","Yes","Bank Withdrawal",59.37,59.58,0.00,0.00,35.72,95.30,"Joined","Others","Others"
"40949-JHA","Female",31,"No","Jharkhand",1,1,"Deal 2","Yes","No","Yes","DSL","Yes","No","No","No","Yes","Yes","No","No","Month-to-Month","Yes","Mailed Check",111.27,103.70,0.00,20.00,0.40,124.10,"Joined","Others","Others"
"94381-PUD","Male",35,"Yes","Puducherry",1,2,"nan","Yes","No","Yes","Cable","No","No","Yes","No","No","Yes","Yes","Yes","Month-to-Month","No","Mailed Check",51.48,96.66,0.00,0.00,43.41,140.07,"Joined","Others","Others"
"39943-UTT","Female",63,"No","Uttarakhand",2,0,"Deal 1","Yes","No","Yes","DSL","Yes","Yes","Yes","Yes","Yes","No","No","Yes","One Year","No","Bank Withdrawal",92.10,95.12,0.00,0.00,29.61,124.73,"Joined","Others","Others"
"86162-CHH","Female",59,"No","Chhattisgarh",3,1,"nan","Yes","Yes","Yes","DSL","No","No","No","No","Yes","No","No","No","Month-to-Month","Yes","Bank Withdrawal",89.66,89.43,0.00,20.00,3.84,113.27,"Joined","Others","Others"
"91982-MAH","Female",46,"Yes","Maharashtra",2,1,"nan","Yes","Yes","Yes","Cable","No","Yes","No","No","Yes","No","No","No","Month-to-Month","No","Mailed Check",97.27,89.15,0.00,0.00,18.59,107.74,"Joined","Others","Others"
"13606-BIH","Male",60,"Yes","Bihar",1,0,"Deal 4","Yes","No","Yes","DSL","No","No","No","Yes","Yes","Yes","No","Yes","One Year","Yes","Credit Card",103.02,103.18,0.00,0.00,51.53,154.71,"Joined","Others","Others"
"16968-WES","Male",23,"Yes","West Bengal",2,2,"nan","Yes","No","Yes","Cable","No","No","Yes","No","Yes","No","No","No","Month-to-Month","Yes","Bank Withdrawal",53.50,104.63,0.00,0.00,14.72,119.35,"Joined","Others","Others"
"57861-JHA","Male",45,"Yes","Jharkhand",4,0,"Deal 2","Yes","No","Yes","Fiber Optic","No","Yes","No","No","No","No","No","Yes","Month-to-Month","Yes","Bank Withdrawal",87.39,85.37,0.00,0.00,45.89,131.26,"Joined","Others","Others"
"15126-WES","Female",18,"Yes","West Bengal",4,2,"Deal 2","Yes","No","Yes","Cable","No","No","No","No","No","No","Yes","No","Month-to-Month","No","Credit Card",76.59,148.99,0.00,0.00,24.58,173.57,"Joined","Others","Others"
"33185-UTT","Male",43,"No","Uttar Pradesh",1,1,"Deal 1","Yes","No","Yes","DSL","No","No","No","No","No","Yes","No","Yes","Month-to-Month","No","Mailed Check",76.25,76.71,0.00,0.00,22.17,98.88,"Joined","Others","Others"
"18026-AND","Female",49,"Yes","Andhra Pradesh",2,2,"nan","Yes","No","Yes","Cable","No","No","No","No","No","Yes","Yes","Yes","Month-to-Month","Yes","Bank Withdrawal",72.06,145.92,0.00,10.00,45.52,201.44,"Joined","Others","Others"
"91471-WES","Female",22,"No","West Bengal",3,0,"nan","Yes","Yes","Yes","DSL","Yes","Yes","No","No","No","Yes","Yes","Yes","Month-to-Month","No","Credit Card",71.80,67.55,0.00,0.00,15.84,83.39,"Joined","Others","Others"
"22226-TEL","Female",42,"No","Telangana",1,0,"nan","Yes","No","No","None","No","No","No","No","No","No","No","No","Month-to-Month","No","Mailed Check",23.30,24.41,0.00,0.00,46.42,70.83,"Joined","Others","Others"
"10203-ODI","Male",18,"No","Odisha",1,1,"nan","Yes","Yes","No","None","No","No","No","No","No","No","No","No","Month-to-Month","No","Bank Withdrawal",24.59,23.71,0.00,0.00,30.85,54.56,"Joined","Others","Others"
"22391-GUJ","Male",45,"Yes","Gujarat",8,2,"nan","Yes","Yes","Yes","Cable","Yes","Yes","No","No","No","Yes","No","Yes","Month-to-Month","Yes","Mailed Check",46.01,94.37,0.00,0.00,33.80,128.17,"Joined","Others","Others"
"96724-HAR","Male",44,"Yes","Haryana",4,1,"nan","Yes","Yes","Yes","DSL","No","No","No","No","Yes","No","No","Yes","Month-to-Month","Yes","Mailed Check",101.31,105.60,0.00,0.00,21.75,127.35,"Joined","Others","Others"
"73185-PUD","Female",69,"Yes","Puducherry",1,1,"Deal 5","Yes","Yes","Yes","Cable","Yes","Yes","No","No","No","Yes","No","Yes","Month-to-Month","Yes","Bank Withdrawal",57.00,59.08,0.00,0.00,57.21,116.29,"Joined","Others","Others"
"29404-CHH","Female",40,"Yes","Chhattisgarh",2,2,"nan","Yes","No","Yes","Fiber Optic","Yes","No","Yes","No","No","No","No","Yes","Month-to-Month","Yes","Credit Card",105.41,215.04,0.00,10.00,7.51,232.55,"Joined","Others","Others"
"52788-UTT","Female",52,"Yes","Uttarakhand",2,2,"Deal 1","Yes","No","Yes","Cable","No","Yes","No","No","No","Yes","No","Yes","Month-to-Month","Yes","Mailed Check",110.97,232.55,0.00,0.00,6.87,239.42,"Joined","Others","Others"
"85831-MAD","Male",64,"No","Madhya Pradesh",1,0,"Deal 1","Yes","No","Yes","DSL","No","No","Yes","Yes","No","Yes","Yes","No","Month-to-Month","Yes","Mailed Check",55.84,56.18,0.00,0.00,9.36,65.54,"Joined","Others","Others"
"44057-TEL","Female",23,"No","Telangana",1,0,"Deal 1","Yes","No","No","None","No","No","No","No","No","No","No","No","Month-to-Month","Yes","Credit Card",24.58,22.83,0.00,0.00,32.83,55.66,"Joined","Others","Others"
"55991-MAD","Male",23,"Yes","Madhya Pradesh",1,2,"Deal 1","Yes","Yes","No","None","No","No","No","No","No","No","No","No","One Year","Yes","Credit Card",25.52,51.61,0.00,0.00,28.99,80.60,"Joined","Others","Others"
"16587-UTT","Male",43,"No","Uttarakhand",2,1,"nan","Yes","Yes","No","None","No","No","No","No","No","No","No","No","Two Year","Yes","Bank Withdrawal",19.40,19.99,0.00,0.00,58.21,78.20,"Joined","Others","Others"
"58920-UTT","Male",36,"No","Uttar Pradesh",1,0,"Deal 1","Yes","No","Yes","Cable","No","Yes","No","No","No","Yes","No","No","Month-to-Month","Yes","Mailed Check",70.72,69.73,0.00,0.00,59.31,129.04,"Joined","Others","Others"
"39437-RAJ","Male",34,"No","Rajasthan",3,0,"Deal 1","Yes","Yes","Yes","Cable","Yes","Yes","Yes","No","No","No","No","No","Month-to-Month","No","Credit Card",86.30,79.67,0.00,0.00,25.80,105.47,"Joined","Others","Others"
"62509-JAM","Male",48,"Yes","Jammu & Kashmir",3,0,"nan","Yes","No","Yes","Cable","Yes","No","No","No","Yes","No","Yes","No","One Year","No","Mailed Check",109.99,106.40,0.00,0.00,2.98,109.38,"Joined","Others","Others"
"29692-DEL","Female",43,"Yes","Delhi",3,0,"Deal 3","Yes","Yes","Yes","Cable","No","No","No","No","No","No","Yes","Yes","Month-to-Month","Yes","Bank Withdrawal",74.30,74.31,0.00,20.00,15.93,110.24,"Joined","Others","Others"
"19221-JAM","Male",47,"No","Jammu & Kashmir",5,2,"nan","Yes","No","Yes","Fiber Optic","No","Yes","No","No","Yes","Yes","Yes","No","Month-to-Month","Yes","Bank Withdrawal",51.23,106.49,0.00,0.00,5.54,112.03,"Joined","Others","Others"
"92103-HAR","Female",26,"Yes","Haryana",2,1,"nan","Yes","No","No","None","No","No","No","No","No","No","No","No","Month-to-Month","No","Credit Card",24.03,22.04,0.00,20.00,47.05,89.09,"Joined","Others","Others"
"71899-WES","Male",21,"Yes","West Bengal",3,2,"Deal 5","Yes","No","Yes","Cable","Yes","Yes","No","No","No","Yes","No","Yes","Month-to-Month","Yes","Mailed Check",65.16,125.77,0.00,0.00,6.99,132.76,"Joined","Others","Others"
"45440-TAM","Male",58,"No","Tamil Nadu",1,2,"nan","Yes","No","Yes","DSL","No","Yes","Yes","No","No","Yes","No","Yes","Month-to-Month","Yes","Credit Card",53.31,110.28,0.00,0.00,41.98,152.26,"Joined","Others","Others"
"15898-UTT","Female",27,"No","Uttarakhand",0,1,"Deal 5","Yes","Yes","Yes","Cable","No","No","Yes","No","No","Yes","Yes","Yes","One Year","Yes","Mailed Check",93.44,92.15,0.00,0.00,41.33,133.48,"Joined","Others","Others"
"30884-BIH","Male",38,"Yes","Bihar",1,0,"Deal 4","Yes","No","Yes","Cable","No","No","No","Yes","Yes","No","No","Yes","Month-to-Month","No","Bank Withdrawal",77.14,77.29,0.00,0.00,25.25,102.54,"Joined","Others","Others"
"32553-MAH","Male",59,"Yes","Maharashtra",1,2,"nan","Yes","Yes","No","None","No","No","No","No","No","No","No","No","Month-to-Month","Yes","Mailed Check",25.42,49.66,0.00,0.00,2.64,52.30,"Joined","Others","Others"
"99424-WES","Male",50,"No","West Bengal",1,0,"Deal 4","Yes","No","No","None","No","No","No","No","No","No","No","No","Month-to-Month","Yes","Bank Withdrawal",18.85,18.49,0.00,0.00,13.02,31.51,"Joined","Others","Others"
"67530-KAR","Female",18,"No","Karnataka",2,0,"Deal 4","Yes","Yes","Yes","DSL","Yes","Yes","No","Yes","No","Yes","Yes","Yes","Month-to-Month","Yes","Credit Card",51.40,49.56,0.00,0.00,49.47,99.03,"Joined","Others","Others"
"29094-CHH","Male",34,"Yes","Chhattisgarh",3,0,"nan","Yes","Yes","Yes","DSL","Yes","Yes","No","No","Yes","No","Yes","Yes","Month-to-Month","Yes","Mailed Check",101.38,95.29,0.00,30.00,1.55,126.84,"Joined","Others","Others"
"72993-MAD","Male",36,"Yes","Madhya Pradesh",2,2,"Deal 1","Yes","No","Yes","DSL","No","Yes","No","No","No","No","No","Yes","Month-to-Month","Yes","Bank Withdrawal",101.35,184.77,0.00,0.00,49.81,234.58,"Joined","Others","Others"
"96700-PUD","Male",34,"No","Puducherry",1,1,"nan","Yes","Yes","Yes","Cable","No","Yes","No","Yes","No","Yes","Yes","Yes","Month-to-Month","Yes","Mailed Check",72.84,71.41,0.00,0.00,45.09,116.50,"Joined","Others","Others"
"22205-JHA","Male",32,"No","Jharkhand",0,0,"Deal 3","Yes","Yes","No","None","No","No","No","No","No","No","No","No","One Year","Yes","Bank Withdrawal",20.54,18.78,0.00,0.00,20.25,39.03,"Joined","Others","Others"
"25972-MAD","Female",26,"Yes","Madhya Pradesh",0,0,"Deal 2","Yes","No","Yes","DSL","No","Yes","Yes","Yes","No","No","No","Yes","Month-to-Month","Yes","Bank Withdrawal",73.54,66.57,0.00,0.00,41.83,108.40,"Joined","Others","Others"
"93829-CHH","Male",21,"No","Chhattisgarh",3,2,"nan","Yes","Yes","No","None","No","No","No","No","No","No","No","No","Month-to-Month","No","Bank Withdrawal",24.61,44.63,0.00,0.00,32.11,76.74,"Joined","Others","Others"
"36553-PUD","Female",34,"No","Puducherry",2,1,"Deal 3","Yes","Yes","Yes","Cable","No","Yes","No","No","No","No","Yes","Yes","One Year","No","Mailed Check",104.54,98.46,0.00,0.00,5.97,104.43,"Joined","Others","Others"
"54910-GUJ","Female",36,"No","Gujarat",0,0,"Deal 2","Yes","No","Yes","DSL","No","No","No","No","Yes","Yes","Yes","No","Month-to-Month","No","Bank Withdrawal",54.46,53.94,0.00,0.00,34.52,88.46,"Joined","Others","Others"
"66997-ODI","Female",28,"No","Odisha",3,2,"Deal 1","Yes","Yes","Yes","Fiber Optic","No","Yes","No","No","No","No","Yes","Yes","Month-to-Month","Yes","Mailed Check",45.96,91.43,0.00,0.00,32.89,124.32,"Joined","Others","Others"
"23210-PUD","Female",50,"Yes","Puducherry",4,2,"nan","Yes","Yes","Yes","Fiber Optic","No","Yes","No","No","Yes","No","Yes","Yes","Month-to-Month","No","Credit Card",93.85,192.51,0.00,0.00,34.87,227.38,"Joined","Others","Others"
"63370-CHH","Female",49,"No","Chhattisgarh",0,2,"nan","Yes","Yes","Yes","Cable","No","Yes","Yes","No","No","No","No","Yes","Month-to-Month","Yes","Bank Withdrawal",107.60,197.50,0.00,0.00,42.73,240.23,"Joined","Others","Others"
"30955-JAM","Male",22,"No","Jammu & Kashmir",0,2,"nan","Yes","No","No","None","No","No","No","No","No","No","No","No","One Year","Yes","Credit Card",22.53,43.15,0.00,0.00,59.33,102.48,"Joined","Others","Others"
"35216-UTT","Female",28,"No","Uttar Pradesh",4,0,"Deal 2","Yes","No","No","None","No","No","No","No","No","No","No","No","Month-to-Month","Yes","Mailed Check",20.52,20.52,0.00,0.00,34.36,54.88,"Joined","Others","Others"
"89526-ODI","Female",37,"Yes","Odisha",3,0,"Deal 1","Yes","Yes","Yes","Cable","No","Yes","Yes","No","Yes","No","No","Yes","Month-to-Month","Yes","Mailed Check",51.02,50.08,0.00,0.00,38.27,88.35,"Joined","Others","Others"
"70197-AND","Female",69,"No","Andhra Pradesh",2,2,"Deal 4","Yes","Yes","Yes","Fiber Optic","No","No","No","Yes","No","No","No","No","One Year","Yes","Credit Card",46.47,95.26,0.00,0.00,57.99,153.25,"Joined","Others","Others"
"19290-KAR","Female",39,"Yes","Karnataka",2,0,"nan","Yes","Yes","Yes","DSL","No","No","No","Yes","Yes","Yes","No","Yes","Month-to-Month","No","Bank Withdrawal",52.99,54.71,0.00,0.00,23.24,77.95,"Joined","Others","Others"
"25540-JHA","Female",18,"No","Jharkhand",4,1,"Deal 4","Yes","No","Yes","Fiber Optic","No","Yes","Yes","No","Yes","No","No","Yes","Month-to-Month","Yes","Credit Card",47.94,44.97,0.00,0.00,31.80,76.77,"Joined","Others","Others"
"71816-AND","Female",25,"No","Andhra Pradesh",1,2,"Deal 4","Yes","Yes","Yes","Cable","No","Yes","No","No","Yes","Yes","No","No","One Year","Yes","Credit Card",70.19,128.96,0.00,10.00,58.26,197.22,"Joined","Others","Others"
